date,total,tags
2026-03-29,25,1 android 1 art 1 browsers 2 databases 4 devops 1 distributed 1 education 1 games 1 historical 1 javascript 3 linux 1 mobile 1 openbsd 1 osdev 3 performance 1 plt 2 practices 1 privacy 1 release 2 retrocomputing 3 rust 1 security 1 show 1 vcs 9 vibecoding 1 video 1 web
2026-03-29,25,1 android 1 art 1 browsers 2 databases 4 devops 1 distributed 1 education 1 games 1 historical 1 javascript 3 linux 1 mobile 1 openbsd 1 osdev 3 performance 1 plt 2 practices 1 privacy 1 release 2 retrocomputing 3 rust 1 security 1 show 1 vcs 9 vibecoding 1 video 1 web
2026-03-30,25,1 ai 1 android 1 art 1 browsers 1 c++ 1 clojure 4 databases 1 devops 1 editors 4 hardware 3 historical 1 javascript 1 job 1 ml 1 nix 1 performance 1 plt 1 practices 1 privacy 1 release 2 reversing 1 rust 1 security 4 vibecoding 1 video 1 vim 1 web 1 windows
2026-03-30,25,1 ai 1 android 1 browsers 1 c++ 1 clojure 3 databases 1 editors 5 hardware 3 historical 2 javascript 1 job 1 ml 1 nix 1 performance 1 plt 1 practices 1 privacy 1 release 2 reversing 1 rust 1 security 3 vibecoding 1 video 1 vim 3 web 1 windows
2026-03-30,25,1 ai 1 android 1 ask 1 browsers 1 c 1 c++ 1 clojure 1 cryptography 2 databases 1 editors 4 hardware 1 haskell 2 historical 1 job 1 linux 1 math 1 ml 1 nix 1 plt 1 privacy 1 programming 1 release 2 reversing 2 rust 2 security 1 systemd 1 unix 1 vcs 3 vibecoding 2 video 1 vim 1 web 1 windows
2026-03-30,25,1 ask 1 browsers 2 c++ 1 clojure 1 databases 1 design 1 editors 1 go 2 hardware 1 haskell 1 historical 1 job 2 linux 1 math 1 networking 1 performance 1 person 3 practices 1 privacy 2 programming 1 python 2 release 2 reversing 3 rust 1 security 1 show 1 systemd 1 testing 1 vcs 3 vibecoding 1 video 1 vim 1 web 1 windows
2026-03-31,25,1 ask 1 browsers 1 c++ 1 clojure 1 databases 1 design 1 editors 1 go 1 graphics 1 hardware 2 haskell 1 historical 1 linux 1 math 1 networking 1 openbsd 1 performance 1 person 1 plt 2 practices 1 privacy 1 programming 1 python 2 release 2 reversing 3 rust 2 security 1 show 1 testing 4 vibecoding 1 video 1 vim 1 web 1 windows
2026-03-31,25,1 ask 1 browsers 1 c 1 clojure 2 databases 1 design 1 editors 1 hardware 1 haskell 1 historical 1 javascript 2 linux 1 mac 1 math 1 networking 1 openbsd 1 osdev 1 plt 2 practices 1 privacy 1 programming 1 python 1 release 1 reversing 3 rust 4 security 1 show 1 testing 1 vcs 4 vibecoding 1 video 1 web
2026-03-31,25,1 ask 1 browsers 1 c 1 culture 2 databases 1 design 1 editors 1 go 1 hardware 1 historical 1 javascript 1 law 2 linux 1 mac 1 networking 1 openbsd 1 osdev 1 plt 3 practices 1 privacy 1 programming 2 release 1 reversing 3 rust 5 security 1 show 1 testing 1 vcs 4 vibecoding 1 web
2026-03-31,25,1 ai 1 ask 1 browsers 1 c 2 culture 1 databases 1 editors 1 event 1 go 2 javascript 2 linux 1 mac 1 osdev 1 plt 3 practices 1 programming 2 release 2 ruby 4 rust 3 security 2 show 1 testing 2 vcs 5 vibecoding 2 web
2026-04-01,25,1 a11y 1 android 1 ask 1 browsers 1 compilers 1 culture 1 editors 1 event 1 go 1 javascript 1 linux 1 lisp 1 mac 1 mobile 1 openbsd 1 plt 2 practices 1 programming 3 release 1 reversing 1 ruby 3 rust 2 security 2 vcs 6 vibecoding 1 video 1 wasm 1 web
2026-04-01,25,1 a11y 1 android 1 ask 1 browsers 1 compilers 1 debugging 1 editors 1 event 1 go 1 historical 1 javascript 1 linux 1 lisp 1 mobile 1 openbsd 1 plt 2 practices 1 programming 3 release 1 reversing 1 ruby 4 rust 2 security 1 swift 3 vcs 5 vibecoding 1 video 1 wasm 1 web
2026-04-01,25,1 a11y 1 android 1 ask 2 c++ 1 css 1 databases 1 debugging 1 design 1 editors 1 event 1 formalmethods 1 javascript 1 mobile 1 openbsd 3 plt 1 practices 1 programming 2 release 1 reversing 2 ruby 1 rust 2 security 1 swift 1 vcs 5 vibecoding 1 video 1 web
2026-04-01,25,1 a11y 1 android 1 browsers 1 c 1 c++ 1 compsci 1 css 1 databases 1 debugging 1 design 1 editors 1 formalmethods 1 games 1 go 1 linux 1 mobile 1 networking 1 openbsd 1 performance 3 plt 1 practices 1 privacy 2 release 1 reversing 2 ruby 1 rust 1 swift 1 unix 1 vcs 4 vibecoding 1 video 2 web
2026-04-02,25,1 browsers 1 c 1 compilers 1 compsci 1 css 2 databases 2 debugging 1 design 1 editors 1 formalmethods 1 games 1 go 1 haskell 2 linux 1 networking 1 openbsd 1 performance 2 plt 2 practices 2 privacy 1 python 2 release 1 ruby 1 rust 1 unix 1 vcs 4 vibecoding 3 web
2026-04-02,25,1 browsers 1 c 1 compilers 1 compsci 1 cryptography 1 css 2 databases 2 debugging 1 design 1 editors 1 email 1 games 1 go 1 haskell 2 linux 1 networking 1 performance 1 plt 1 practices 2 privacy 1 python 2 release 2 ruby 1 rust 1 unix 1 vcs 5 vibecoding 4 web
2026-04-02,25,1 browsers 1 c 1 compilers 1 compsci 1 cryptography 1 css 2 databases 2 debugging 1 devops 1 email 2 games 1 go 2 haskell 1 java 1 javascript 2 linux 1 networking 2 nix 1 performance 1 plt 2 privacy 2 programming 1 python 1 release 1 retrocomputing 1 reversing 2 rust 1 security 1 unix 3 vibecoding 3 web
2026-04-02,25,1 ai 1 browsers 1 compilers 1 cryptography 1 databases 2 debugging 1 devops 1 email 1 formalmethods 2 games 1 go 2 haskell 1 java 1 javascript 1 law 1 linux 1 math 2 nix 1 openbsd 3 plt 1 privacy 2 programming 2 python 2 release 1 retrocomputing 1 reversing 2 rust 3 security 1 vcs 4 vibecoding 2 web
2026-04-03,25,1 ai 1 compilers 1 databases 1 devops 1 email 1 formalmethods 2 games 1 go 1 haskell 1 javascript 1 law 1 linux 1 math 1 ml 2 nix 1 openbsd 2 plt 1 privacy 2 programming 2 python 2 release 1 retrocomputing 1 reversing 2 rust 1 science 1 security 1 show 2 unix 1 vcs 8 vibecoding 2 web
2026-04-03,25,1 ai 1 databases 1 devops 1 email 1 formalmethods 1 games 1 haskell 1 javascript 1 law 1 linux 1 math 1 ml 2 nix 1 openbsd 2 plt 1 privacy 2 programming 1 python 2 release 1 retrocomputing 1 reversing 2 rust 1 science 2 security 1 show 2 unix 1 vcs 7 vibecoding 2 web
2026-04-03,25,1 ai 1 ask 1 databases 1 design 1 devops 1 email 1 games 1 haskell 1 law 2 linux 1 lisp 1 math 1 ml 2 nix 1 openbsd 1 performance 2 plt 1 privacy 2 programming 1 python 1 release 1 retrocomputing 1 reversing 1 rust 2 security 2 show 1 unix 1 vcs 4 vibecoding 1 virtualization 2 web
2026-04-03,25,2 ai 1 ask 1 compsci 1 concatenative 1 design 1 devops 1 go 1 javascript 2 linux 1 lisp 1 mac 1 math 1 ml 1 networking 2 nix 1 performance 4 plt 2 programming 1 python 1 release 1 retrocomputing 2 rust 2 security 2 show 1 unix 1 vcs 5 vibecoding 2 web
2026-04-04,25,2 ai 1 ask 1 compsci 1 concatenative 1 design 1 elixir 1 formalmethods 1 go 2 javascript 2 linux 1 lisp 1 mac 1 math 1 networking 1 nix 1 pdf 1 performance 5 plt 2 programming 1 python 1 release 1 retrocomputing 1 ruby 2 rust 3 security 2 show 1 vcs 5 vibecoding 1 web
2026-04-04,25,2 ai 1 ask 1 compsci 1 concatenative 1 design 1 elixir 1 formalmethods 1 go 2 javascript 2 linux 1 lisp 1 mac 1 math 1 networking 1 nix 1 pdf 1 performance 5 plt 2 programming 1 python 1 release 1 retrocomputing 1 ruby 2 rust 3 security 2 show 1 vcs 5 vibecoding 1 web
2026-04-04,25,1 ai 1 ask 1 compsci 1 concatenative 1 culture 1 design 1 elixir 1 formalmethods 1 go 2 javascript 1 linux 1 lisp 1 mac 1 networking 1 nix 1 pdf 1 performance 4 plt 2 programming 1 retrocomputing 1 ruby 2 rust 3 security 1 show 6 vibecoding 1 web
2026-04-04,25,1 ai 2 ask 1 compsci 1 concatenative 2 culture 1 databases 1 design 1 editors 1 elixir 1 formalmethods 1 go 2 javascript 1 linux 1 lisp 1 networking 1 nix 1 pdf 1 performance 4 plt 1 practices 1 programming 1 retrocomputing 1 ruby 2 rust 2 security 1 show 5 vibecoding 1 vim 1 web
2026-04-05,25,1 ai 1 ask 1 c++ 1 compilers 1 compsci 1 concatenative 2 culture 1 databases 1 design 1 editors 1 elixir 1 games 1 go 2 hardware 1 javascript 2 linux 1 lisp 1 networking 1 nix 1 pdf 1 performance 3 plt 2 programming 2 retrocomputing 1 ruby 1 rust 3 security 6 vibecoding 1 video 1 vim
2026-04-05,25,1 ai 1 ask 1 c++ 1 compilers 1 compsci 1 concatenative 2 culture 1 databases 1 design 1 editors 1 games 1 go 2 hardware 1 linux 1 lisp 1 networking 1 nix 1 pdf 3 plt 2 practices 2 programming 2 retrocomputing 1 rust 3 security 7 vibecoding 1 video 1 vim
2026-04-05,25,1 ai 1 ask 1 c++ 1 compilers 1 compsci 1 concatenative 1 culture 1 databases 1 design 2 editors 1 games 2 go 2 hardware 1 linux 1 lisp 1 pdf 4 plt 2 programming 1 retrocomputing 3 rust 3 security 7 vibecoding 1 video 1 vim
2026-04-05,25,2 ai 1 ask 1 c 1 compilers 1 concatenative 1 culture 2 editors 1 email 1 games 2 go 1 graphics 2 hardware 3 linux 1 lisp 1 networking 1 nix 3 plt 1 practices 2 programming 1 retrocomputing 2 rust 2 security 7 vibecoding 1 video 2 vim
2026-04-06,25,2 ai 1 ask 1 c 1 compilers 1 compsci 1 culture 2 editors 1 email 2 go 1 graphics 2 hardware 3 linux 1 lisp 1 logiclangs 2 networking 2 nix 1 plt 2 practices 1 programming 2 rust 1 security 6 vibecoding 2 vim 1 web
2026-04-06,25,1 ask 1 c 1 compsci 1 css 2 editors 1 email 1 event 1 games 1 go 1 graphics 2 hardware 3 linux 1 logiclangs 3 networking 2 nix 1 plt 3 practices 2 programming 1 rant 1 retrocomputing 2 rust 1 security 1 show 6 vibecoding 2 vim 2 web
2026-04-06,25,1 ai 1 c 1 compsci 1 css 1 editors 1 elixir 1 email 1 event 1 games 1 go 1 hardware 1 linux 1 logiclangs 3 networking 2 nix 1 osdev 1 performance 1 plt 1 practices 1 privacy 2 programming 1 python 1 retrocomputing 3 rust 1 science 1 security 1 show 1 testing 5 vibecoding 2 vim 3 web
2026-04-06,25,2 ask 1 browsers 1 compsci 3 cryptography 2 css 1 email 1 event 1 games 1 go 1 linux 2 mac 2 networking 1 nix 2 osdev 1 plt 1 practices 1 privacy 2 programming 2 rust 1 science 2 security 1 show 2 testing 1 vcs 6 vibecoding 1 vim 3 web 1 windows
2026-04-07,25,2 ask 1 browsers 1 compilers 1 compsci 1 concatenative 2 cryptography 2 css 1 event 1 games 1 go 2 linux 3 mac 2 networking 1 nix 2 osdev 1 pdf 1 plt 1 practices 1 privacy 2 programming 1 rust 1 science 2 security 1 show 1 testing 1 vcs 5 vibecoding 3 web 1 windows
2026-04-07,25,1 ai 2 ask 1 browsers 1 clojure 1 compilers 2 compsci 1 concatenative 2 cryptography 2 css 1 distributed 1 go 2 linux 1 lisp 3 mac 2 networking 1 nix 1 osdev 1 pdf 1 plt 1 practices 1 privacy 1 programming 1 rust 1 science 2 security 1 testing 1 vcs 5 vibecoding 3 web 1 windows
2026-04-07,25,1 browsers 1 clojure 1 compilers 2 compsci 2 cryptography 1 css 1 databases 1 distributed 1 go 1 hardware 1 linux 1 lisp 3 mac 1 math 3 networking 1 nix 2 osdev 1 performance 1 practices 1 privacy 1 science 3 security 1 vcs 6 vibecoding 2 web 1 windows
2026-04-07,25,1 ask 2 browsers 1 clojure 1 compilers 2 compsci 2 cryptography 1 css 2 databases 2 distributed 2 hardware 1 linux 1 lisp 1 mac 1 math 2 networking 1 nix 1 osdev 1 performance 2 practices 1 privacy 1 programming 1 rant 3 security 1 vcs 4 vibecoding 1 web 1 windows
2026-04-08,25,1 art 1 ask 1 browsers 1 clojure 1 compilers 2 compsci 2 cryptography 1 css 1 databases 3 distributed 1 email 2 hardware 1 historical 1 linux 1 lisp 1 mac 1 math 2 networking 2 nix 1 osdev 1 performance 2 practices 1 programming 1 rant 1 rust 5 security 4 vibecoding 2 web 1 windows
2026-04-08,25,1 art 1 ask 1 browsers 2 compilers 2 compsci 1 cryptography 1 css 1 databases 3 distributed 2 email 3 hardware 1 historical 1 javascript 1 linux 1 mac 1 math 2 networking 2 nix 1 osdev 1 performance 1 plt 2 practices 1 programming 1 rust 4 security 2 vibecoding 2 web 1 windows 1 zig
2026-04-08,25,1 art 1 ask 1 compilers 1 compsci 2 databases 3 distributed 2 email 1 go 1 graphics 4 hardware 1 historical 3 javascript 1 linux 1 mac 1 math 2 networking 2 nix 1 nodejs 1 osdev 1 plt 2 practices 1 rust 4 security 1 show 1 unix 2 vibecoding 2 web 1 windows 1 zig
2026-04-08,25,1 ai 1 ask 1 c++ 1 compilers 2 databases 2 email 1 go 1 graphics 4 hardware 1 historical 2 javascript 1 linux 1 mac 1 networking 2 nix 1 osdev 1 performance 2 plt 1 practices 1 release 2 rust 5 security 1 unix 1 vibecoding 1 video 2 web 1 zig
2026-04-09,25,1 c++ 3 databases 1 devops 2 email 1 formalmethods 1 graphics 5 hardware 1 historical 1 javascript 2 linux 1 mac 1 nix 1 osdev 1 performance 1 plt 2 release 1 retrocomputing 2 rust 5 security 1 unix 4 vibecoding 1 video 2 web 1 zig
2026-04-09,25,1 c++ 2 databases 1 devops 1 email 1 formalmethods 1 graphics 5 hardware 1 javascript 2 linux 1 mac 1 networking 1 osdev 2 performance 1 plt 1 practices 2 release 1 retrocomputing 2 rust 4 security 1 unix 4 vibecoding 1 video 1 visualization 3 web 1 zig
2026-04-09,25,1 apl 1 ask 2 c 1 c++ 1 compilers 2 databases 1 devops 1 distributed 1 editors 1 email 2 formalmethods 1 gleam 4 hardware 1 javascript 2 linux 1 lisp 1 mac 1 osdev 1 performance 1 plt 1 practices 1 programming 2 release 1 retrocomputing 1 rust 4 security 1 testing 4 vibecoding 1 wasm 1 zig
2026-04-09,25,1 apl 1 ask 2 c 1 c++ 1 compilers 1 devops 1 distributed 1 editors 1 email 2 formalmethods 1 gleam 1 graphics 4 hardware 1 javascript 2 linux 1 lisp 1 mac 1 osdev 1 performance 1 plt 2 practices 1 programming 1 release 1 retrocomputing 1 rust 3 security 1 testing 4 vibecoding 1 wasm 2 web 1 zig
2026-04-10,25,1 apl 1 ask 1 assembly 2 c 1 compilers 1 devops 1 distributed 1 editors 2 formalmethods 1 graphics 4 hardware 1 javascript 2 linux 1 lisp 2 mac 1 nix 1 osdev 1 performance 1 plt 2 practices 1 programming 1 release 1 retrocomputing 1 rust 2 security 1 testing 1 unix 5 vibecoding 1 virtualization 1 wasm 2 web 1 zig
2026-04-10,25,1 apl 2 ask 1 assembly 2 c 1 compilers 1 devops 1 distributed 1 editors 1 formalmethods 1 gleam 1 graphics 5 hardware 2 linux 1 lisp 2 mac 1 nix 1 openbsd 1 osdev 1 plt 2 practices 2 programming 1 release 1 retrocomputing 1 rust 2 security 1 testing 1 unix 4 vibecoding 1 virtualization 1 wasm 1 web 1 zig
2026-04-10,25,1 apl 3 ask 1 assembly 2 browsers 1 c 1 compilers 1 databases 1 devops 1 editors 1 graphics 2 hardware 2 linux 1 lisp 1 openbsd 1 plt 2 practices 4 programming 1 python 1 release 1 rust 2 security 1 unix 5 vibecoding 2 web 1 zig
2026-04-10,25,1 apl 3 ask 1 assembly 2 browsers 1 compilers 1 databases 1 devops 1 distributed 1 editors 1 freebsd 1 go 1 hardware 2 linux 1 lisp 1 openbsd 1 plt 1 practices 4 programming 1 python 1 ruby 3 security 4 vibecoding 1 wasm 3 web 1 zig
2026-04-11,25,1 apl 3 ask 1 assembly 1 browsers 1 compilers 1 cryptography 1 culture 1 databases 2 devops 1 distributed 1 editors 1 freebsd 1 go 2 linux 1 lisp 1 plt 1 practices 4 programming 1 python 1 ruby 2 security 4 vibecoding 1 wasm 2 web 1 zig
2026-04-11,25,1 apl 3 ask 1 assembly 1 browsers 1 compilers 1 cryptography 1 culture 1 databases 2 devops 1 distributed 2 freebsd 1 go 2 linux 1 lisp 1 plt 4 programming 1 python 1 retrocomputing 1 ruby 1 rust 3 security 4 vibecoding 1 wasm 2 web 1 zig
2026-04-11,25,1 ai 1 apl 1 ask 1 browsers 1 cryptography 1 culture 1 databases 1 devops 1 emacs 2 freebsd 1 law 2 linux 1 osdev 1 plt 1 privacy 2 programming 1 python 1 release 1 retrocomputing 1 ruby 2 rust 1 scaling 1 science 4 security 1 vcs 4 vibecoding 2 web 1 windows
2026-04-11,25,1 ai 1 apl 1 ask 1 browsers 1 cryptography 1 databases 1 devops 1 emacs 1 freebsd 2 linux 1 networking 1 osdev 1 performance 1 plt 1 programming 1 python 1 release 1 retrocomputing 1 reversing 4 rust 1 scaling 1 science 3 security 1 testing 2 vcs 3 vibecoding 2 web 1 windows
2026-04-12,25,1 apl 1 compilers 1 cryptography 1 databases 1 devops 1 emacs 1 freebsd 2 linux 1 math 1 networking 1 osdev 1 performance 1 plt 1 practices 1 python 1 release 1 retrocomputing 3 rust 1 scaling 1 science 6 security 2 vcs 4 vibecoding 1 web 1 windows
2026-04-12,25,1 compilers 1 cryptography 2 databases 1 devops 1 dotnet 1 emacs 1 freebsd 1 games 1 graphics 2 linux 1 math 1 networking 1 osdev 1 performance 1 practices 1 release 1 retrocomputing 3 rust 1 scaling 1 science 6 security 2 vcs 3 vibecoding 2 web 1 windows
2026-04-12,25,1 cryptography 2 databases 1 devops 1 dotnet 1 emacs 1 freebsd 3 games 2 graphics 2 historical 2 linux 2 networking 1 osdev 1 practices 1 release 1 retrocomputing 4 rust 1 scaling 6 security 1 vcs 3 vibecoding 2 web 1 windows
2026-04-12,25,2 databases 2 design 1 devops 1 dotnet 1 emacs 1 freebsd 3 games 3 graphics 1 haskell 2 historical 1 ios 1 networking 1 osdev 1 performance 1 plt 2 practices 1 release 1 reversing 4 rust 1 scaling 5 security 2 vcs 2 vibecoding 1 video 1 web
2026-04-13,25,1 assembly 1 culture 2 databases 1 design 1 devops 1 dotnet 2 games 3 graphics 1 haskell 1 historical 1 javascript 1 meta 1 networking 1 osdev 2 performance 1 plt 1 practices 1 programming 1 release 1 retrocomputing 1 rust 1 scaling 4 security 1 testing 1 vcs 3 vibecoding 1 web
2026-04-13,25,1 assembly 1 c++ 1 culture 2 databases 1 design 1 devops 1 dotnet 1 haskell 1 historical 1 javascript 1 linux 1 logiclangs 1 meta 2 networking 1 pdf 1 performance 1 plt 1 practices 1 programming 1 retrocomputing 1 rust 4 security 2 testing 1 vcs 3 vibecoding 1 web
2026-04-13,25,1 ask 1 assembly 1 browsers 1 culture 1 databases 1 design 1 haskell 1 historical 1 javascript 2 linux 1 logiclangs 2 math 1 meta 1 networking 1 pdf 1 plt 2 practices 1 programming 1 release 1 retrocomputing 1 rust 3 security 1 testing 1 vcs 6 vibecoding 1 visualization 1 web
2026-04-13,25,1 ask 2 browsers 1 compilers 1 cryptography 1 culture 1 databases 1 design 1 devops 1 formalmethods 1 games 1 historical 1 ios 1 javascript 1 linux 1 logiclangs 2 math 1 meta 1 mobile 1 performance 1 plt 2 practices 2 programming 2 release 1 retrocomputing 2 rust 3 security 2 vcs 5 vibecoding 1 web
2026-04-14,25,1 ask 2 browsers 1 c++ 1 compilers 1 cryptography 1 databases 1 devops 1 formalmethods 1 games 1 historical 1 ios 1 javascript 1 linux 1 logiclangs 2 math 1 meta 1 mobile 1 netbsd 1 pdf 1 performance 1 plt 1 practices 2 programming 2 release 1 rust 3 security 3 vcs 4 vibecoding 2 web
2026-04-14,25,1 art 1 ask 2 browsers 1 c++ 1 compilers 1 cryptography 2 databases 1 devops 1 formalmethods 1 games 1 historical 1 linux 2 math 1 meta 1 netbsd 1 pdf 1 performance 3 plt 3 programming 3 release 1 rust 4 security 2 vcs 4 vibecoding 1 video 2 web
2026-04-14,25,1 art 1 ask 2 browsers 2 c++ 2 compilers 1 cryptography 1 databases 1 design 1 formalmethods 1 linux 2 math 1 networking 1 pdf 2 performance 3 plt 2 programming 2 release 2 rust 4 security 2 vcs 4 vibecoding 1 video 2 web
2026-04-14,25,1 art 1 book 1 browsers 1 c++ 1 databases 3 design 1 formalmethods 1 historical 1 linux 1 networking 1 pdf 3 plt 1 practices 2 programming 3 release 2 rust 1 satire 4 security 3 vcs 3 vibecoding 1 video 2 web 1 zig
2026-04-15,25,1 art 1 ask 2 browsers 1 compsci 1 cryptography 1 databases 1 design 1 formalmethods 1 historical 1 ios 1 pdf 2 plt 2 practices 2 programming 5 release 1 ruby 1 rust 1 satire 4 security 2 vcs 3 vibecoding 1 video 4 web 1 zig
2026-04-15,25,1 art 1 ask 1 c 1 compsci 1 cryptography 1 databases 2 design 1 formalmethods 1 haskell 2 historical 2 pdf 1 performance 2 plt 1 practices 2 programming 1 rant 3 release 1 ruby 1 rust 1 satire 4 security 1 vcs 3 vibecoding 1 video 3 web 1 zig
2026-04-15,25,1 book 1 c 1 compilers 1 compsci 1 cryptography 3 databases 1 design 2 haskell 1 historical 1 java 1 lisp 1 pdf 1 performance 1 plt 1 practices 3 programming 1 rant 4 release 1 ruby 2 rust 2 security 1 vcs 2 vibecoding 2 web 2 zig
2026-04-15,25,1 ai 1 book 2 c 1 compilers 1 compsci 2 databases 1 design 1 freebsd 1 games 1 hardware 1 linux 1 lisp 1 math 1 performance 1 plt 2 practices 4 programming 1 rant 3 release 1 retrocomputing 1 ruby 1 rust 2 security 1 swift 1 vibecoding 2 web 1 windows 2 zig
2026-04-16,25,1 ai 1 book 2 c 1 c++ 1 compilers 1 compsci 2 databases 1 formalmethods 1 freebsd 1 games 1 hardware 1 law 1 lisp 1 math 1 networking 1 performance 1 plt 2 practices 2 programming 2 rant 2 release 1 retrocomputing 1 ruby 2 security 1 swift 4 vibecoding 2 web 1 windows 2 zig
2026-04-16,25,1 ai 1 book 2 c 1 c++ 1 compilers 1 compsci 3 databases 1 formalmethods 1 freebsd 1 games 1 hardware 1 law 1 linux 1 lisp 1 math 1 networking 1 performance 2 practices 3 programming 2 rant 1 release 1 retrocomputing 2 rust 2 security 5 vibecoding 1 web 1 windows 2 zig
2026-04-16,25,1 c 2 compilers 1 culture 2 databases 1 design 1 distributed 1 freebsd 1 games 1 go 1 hardware 1 java 1 law 1 linux 2 lisp 1 math 1 ml 3 networking 1 plt 1 practices 3 programming 1 release 1 retrocomputing 3 rust 2 security 1 show 2 vibecoding 1 wasm 1 windows
2026-04-16,25,1 api 1 assembly 1 c 1 clojure 2 compilers 2 databases 1 design 1 distributed 1 games 1 go 1 java 1 javascript 1 law 1 linux 2 lisp 1 networking 1 plt 1 practices 4 programming 1 rant 2 release 1 retrocomputing 3 rust 2 security 1 show 2 vibecoding 1 video 1 wasm
2026-04-17,25,1 a11y 1 api 1 assembly 1 clojure 2 compilers 1 databases 1 design 1 distributed 1 go 1 java 1 javascript 1 law 1 linux 2 lisp 1 networking 1 plt 1 practices 4 programming 1 rant 2 release 4 rust 1 security 1 show 2 vibecoding 1 video 1 wasm 1 web
2026-04-17,25,1 a11y 1 api 1 art 2 assembly 1 clojure 2 compilers 1 databases 1 design 1 devops 1 distributed 1 go 1 java 1 javascript 1 law 1 linux 2 lisp 1 networking 1 practices 2 programming 1 rant 2 release 3 rust 1 security 1 show 1 unix 1 vcs 2 vibecoding 1 video 1 wasm 1 web
2026-04-17,25,1 art 1 ask 1 assembly 1 clojure 2 compilers 1 cryptography 1 design 1 devops 2 distributed 1 graphics 1 java 1 law 1 lisp 2 networking 4 programming 1 python 1 rant 2 release 4 rust 1 science 2 security 2 unix 1 vcs 4 vibecoding 1 video 1 wasm
2026-04-17,25,1 art 1 ask 1 clojure 1 compilers 1 cryptography 2 design 1 devops 2 distributed 1 graphics 2 networking 1 pdf 1 performance 1 plt 3 programming 1 python 1 rant 2 release 3 rust 1 scaling 1 science 4 security 3 unix 1 vcs 5 vibecoding 1 video
2026-04-18,25,1 api 1 art 1 ask 1 assembly 1 c 1 clojure 1 cryptography 1 design 1 devops 1 linux 2 networking 1 pdf 1 performance 2 plt 1 privacy 2 programming 2 release 4 rust 1 scaling 1 science 6 security 2 unix 1 vcs 3 vibecoding 2 video
2026-04-18,25,1 api 1 art 1 ask 1 assembly 2 c 1 clojure 1 cryptography 1 design 1 linux 2 networking 1 pdf 1 performance 2 plt 1 privacy 2 programming 2 release 4 rust 1 scaling 1 science 6 security 1 unix 3 vibecoding 2 video
2026-04-18,25,1 a11y 1 api 1 art 1 ask 2 c 1 c++ 1 cryptography 1 debugging 1 design 1 emacs 1 go 1 linux 1 networking 1 pdf 1 performance 2 plt 1 privacy 2 programming 2 release 1 retrocomputing 4 rust 1 scaling 1 science 4 security 1 unix 2 vibecoding 1 web
2026-04-18,25,1 ai 1 api 1 ask 2 c 1 c++ 1 cryptography 1 databases 1 debugging 1 design 1 emacs 1 go 1 hardware 1 linux 2 networking 1 pdf 1 performance 1 plt 1 privacy 2 programming 3 release 1 retrocomputing 1 ruby 3 rust 1 scaling 1 science 5 security 1 unix 1 web
2026-04-19,25,2 ai 1 api 2 c 1 c++ 1 cryptography 2 databases 1 debugging 1 emacs 1 go 2 hardware 1 historical 1 linux 2 networking 1 performance 1 plt 1 privacy 1 programming 3 release 1 retrocomputing 1 ruby 3 rust 2 science 6 security 1 vibecoding 1 web
2026-04-19,25,2 ai 2 c 1 c++ 1 compilers 2 databases 1 debugging 1 emacs 1 go 2 hardware 1 haskell 1 historical 1 linux 1 mac 2 networking 1 performance 1 plt 2 privacy 1 programming 3 release 1 retrocomputing 1 ruby 2 rust 1 science 5 security 1 vibecoding 1 web
2026-04-19,25,1 ai 2 c 1 c++ 1 compilers 2 databases 1 debugging 1 emacs 1 go 2 hardware 1 haskell 1 historical 1 linux 1 mac 2 networking 1 performance 1 plt 2 programming 3 release 1 retrocomputing 1 ruby 2 rust 1 science 5 security 1 vibecoding 1 web
2026-04-19,25,1 art 1 c 1 c++ 1 compilers 2 databases 1 debugging 1 design 2 emacs 1 event 1 go 2 hardware 1 haskell 2 historical 2 linux 1 mac 1 mobile 1 performance 2 programming 2 release 1 retrocomputing 1 ruby 1 rust 1 satire 1 science 5 security 1 unix 2 vibecoding 2 web
2026-04-20,25,1 art 1 assembly 1 c++ 1 compilers 1 databases 1 design 1 elm 1 emacs 1 event 1 graphics 1 hardware 1 haskell 2 historical 3 linux 1 mac 1 mobile 1 osdev 1 pdf 2 performance 1 privacy 2 programming 1 python 1 release 1 retrocomputing 2 rust 1 satire 2 science 4 security 1 unix 3 vibecoding 2 web 1 windows
2026-04-20,25,1 art 1 ask 1 assembly 1 compilers 1 databases 1 design 1 elm 1 emacs 1 event 1 graphics 1 hardware 1 haskell 2 historical 3 linux 1 mac 1 mobile 1 osdev 1 pdf 2 performance 1 privacy 3 programming 1 python 2 release 1 retrocomputing 1 ruby 1 rust 1 satire 1 science 3 security 1 unix 3 vibecoding 1 wasm 1 web 1 windows
2026-04-20,25,1 art 1 ask 1 browsers 1 c 1 compilers 1 culture 2 databases 1 debugging 1 design 1 elm 1 emacs 1 event 1 formalmethods 2 graphics 1 haskell 1 historical 3 linux 1 mac 1 mobile 1 networking 1 pdf 1 performance 1 practices 1 privacy 1 programming 4 release 1 retrocomputing 3 rust 1 security 1 unix 3 vibecoding 1 wasm 3 web 1 windows
2026-04-20,25,1 ai 1 art 1 ask 1 browsers 1 cryptography 1 culture 2 databases 1 debugging 1 elixir 1 erlang 1 event 1 formalmethods 1 graphics 1 historical 2 linux 1 lisp 1 mac 2 networking 1 pdf 2 performance 2 plt 1 practices 1 privacy 2 programming 1 python 4 release 1 retrocomputing 3 rust 1 satire 1 unix 3 vibecoding 1 visualization 1 wasm 3 web 1 windows
2026-04-21,25,1 ai 1 art 1 ask 1 browsers 2 cryptography 1 culture 2 databases 1 debugging 1 elixir 1 erlang 1 event 2 formalmethods 1 historical 1 lisp 1 mac 1 networking 1 performance 2 plt 1 practices 1 privacy 3 programming 1 python 4 release 1 retrocomputing 1 rust 1 satire 1 security 1 unix 2 vcs 4 vibecoding 1 visualization 3 web 1 windows
2026-04-21,25,1 ai 1 ask 1 browsers 2 cryptography 1 culture 2 databases 1 debugging 1 elixir 1 erlang 1 event 2 formalmethods 1 historical 1 lisp 1 mac 1 networking 1 performance 2 plt 1 practices 1 privacy 3 programming 1 python 4 release 1 rust 1 satire 2 security 1 testing 1 unix 2 vcs 4 vibecoding 1 visualization 3 web 1 zig
2026-04-21,25,1 ai 1 ask 1 browsers 1 compilers 2 cryptography 1 culture 1 databases 1 distributed 1 education 1 elixir 1 erlang 2 event 1 formalmethods 1 hardware 1 linux 1 lisp 1 nix 2 performance 4 plt 4 practices 1 privacy 1 programming 1 python 3 release 2 security 1 testing 3 vcs 5 vibecoding 1 video 1 visualization 2 web 1 zig
2026-04-21,25,1 ai 2 ask 1 compilers 2 cryptography 1 distributed 1 education 1 emacs 1 event 1 formalmethods 2 hardware 1 ios 1 javascript 1 linux 2 networking 1 nix 1 performance 2 plt 3 practices 1 privacy 4 release 3 security 1 testing 4 vcs 2 vibecoding 1 video 1 web 1 zig
2026-04-22,25,1 ai 2 ask 1 compilers 1 cryptography 1 distributed 1 education 1 emacs 1 event 3 hardware 1 ios 2 javascript 2 linux 2 networking 1 nix 1 performance 2 plt 3 practices 1 python 5 release 1 security 1 testing 4 vcs 3 vibecoding 1 video 1 zig
2026-04-22,25,2 ai 2 ask 1 assembly 1 compilers 1 cryptography 1 distributed 1 education 1 emacs 1 event 2 hardware 1 historical 1 ios 2 javascript 2 linux 1 networking 1 nix 1 openbsd 1 performance 2 plt 3 practices 1 programming 1 python 1 rant 4 release 1 retrocomputing 1 security 4 vcs 3 vibecoding 1 video 1 windows
2026-04-22,25,1 ai 1 ask 1 assembly 1 compilers 1 design 1 distributed 1 education 1 emacs 1 gleam 2 hardware 1 historical 2 javascript 2 linux 1 networking 1 openbsd 1 performance 3 plt 3 practices 2 programming 1 python 1 rant 3 release 1 retrocomputing 1 rust 1 security 3 vcs 4 vibecoding 1 windows
2026-04-22,25,1 ask 1 assembly 1 browsers 1 distributed 1 education 1 elixir 1 emacs 1 formalmethods 1 gleam 1 hardware 1 historical 1 javascript 2 linux 1 networking 1 openbsd 1 plt 2 practices 1 privacy 2 programming 2 python 1 rant 2 release 1 retrocomputing 1 rust 2 security 3 vcs 5 vibecoding 1 video 1 web 1 windows
2026-04-23,25,1 ask 1 assembly 1 browsers 1 css 1 emacs 1 formalmethods 1 gleam 1 graphics 1 hardware 1 historical 2 linux 1 lisp 1 networking 1 openbsd 3 plt 1 practices 1 privacy 2 programming 2 python 1 rant 1 release 1 retrocomputing 1 rust 2 security 1 show 2 vcs 5 vibecoding 2 web 1 windows
2026-04-23,25,1 a11y 1 ai 1 ask 1 assembly 1 browsers 1 css 1 culture 1 emacs 1 formalmethods 1 gleam 2 graphics 1 hardware 1 javascript 2 linux 1 lisp 1 math 3 plt 1 practices 1 privacy 3 programming 1 python 1 rant 1 release 1 retrocomputing 1 rust 2 security 2 show 1 vcs 5 vibecoding 1 visualization 2 web 1 windows
2026-04-23,25,1 ask 1 assembly 1 browsers 1 c 1 c++ 1 compilers 1 css 1 devops 1 emacs 1 email 1 formalmethods 2 graphics 2 linux 1 lisp 1 math 1 osdev 1 performance 1 philosophy 3 plt 2 privacy 3 programming 1 rant 1 retrocomputing 3 rust 1 security 1 show 1 vcs 4 vibecoding 1 web 1 windows
2026-04-23,25,1 ask 1 assembly 1 browsers 1 c 1 c++ 1 compilers 1 devops 2 distributed 1 emacs 1 email 3 graphics 3 linux 1 math 3 performance 3 plt 1 privacy 2 programming 1 python 2 release 1 retrocomputing 3 rust 3 security 1 show 1 vcs 1 vibecoding 2 web 1 windows
2026-04-24,25,1 ai 2 ask 1 browsers 2 c 1 c++ 1 compilers 1 devops 2 distributed 1 emacs 1 email 1 erlang 2 graphics 2 linux 1 math 3 performance 1 plt 1 privacy 2 programming 3 release 2 ruby 3 rust 3 security 1 unix 2 vibecoding 3 web
2026-04-24,25,2 ask 2 c 1 c++ 1 compilers 2 distributed 1 emacs 1 email 1 erlang 2 graphics 2 haskell 1 linux 1 math 3 performance 2 plt 2 programming 3 release 2 ruby 4 rust 3 security 1 unix 4 vibecoding 3 web
2026-04-24,25,1 ask 2 c 1 c++ 1 distributed 1 email 1 erlang 2 graphics 2 haskell 1 linux 1 math 1 meta 2 performance 2 plt 1 practices 2 programming 1 rant 3 release 1 ruby 4 rust 3 security 1 unix 6 vibecoding 2 web
2026-04-24,25,1 android 1 ask 2 c 1 c++ 2 distributed 1 email 1 erlang 1 gleam 1 graphics 2 hardware 2 haskell 2 linux 1 meta 1 performance 1 plt 1 practices 1 programming 2 rant 3 release 1 ruby 4 rust 3 security 1 unix 5 vibecoding 2 web
2026-04-25,25,1 android 1 ask 2 c 2 c++ 2 distributed 1 editors 1 email 1 gleam 1 graphics 2 hardware 1 haskell 2 linux 1 lisp 1 performance 1 plt 1 practices 1 programming 2 rant 3 release 1 ruby 5 rust 3 security 1 unix 1 vcs 4 vibecoding 1 video 2 web
2026-04-25,25,1 android 1 ask 2 c 2 c++ 1 distributed 2 editors 1 email 1 gleam 1 graphics 3 hardware 1 haskell 1 historical 3 linux 1 lisp 1 performance 1 plt 1 practices 1 programming 2 rant 2 release 1 retrocomputing 1 reversing 4 rust 3 security 1 unix 1 vcs 4 vibecoding 1 video 1 web
2026-04-25,25,1 ask 1 c++ 1 cryptography 1 design 2 editors 2 email 1 gleam 1 graphics 4 hardware 1 historical 2 linux 1 lisp 1 performance 1 plt 2 practices 2 programming 2 rant 1 retrocomputing 2 reversing 1 rust 1 testing 1 vcs 4 vibecoding 1 video 1 web
2026-04-25,25,1 ai 1 ask 2 assembly 1 cryptography 2 editors 1 email 1 gleam 1 graphics 4 hardware 1 historical 2 linux 1 lisp 1 mac 1 networking 1 performance 1 plt 3 practices 2 programming 2 rant 1 retrocomputing 1 reversing 3 security 1 transcript 5 vibecoding
2026-04-26,25,1 ai 1 ask 2 assembly 1 c 1 c++ 1 cryptography 1 email 1 gleam 1 graphics 3 hardware 1 historical 1 javascript 1 linux 1 lua 1 mac 1 networking 1 nodejs 2 performance 3 practices 3 programming 1 retrocomputing 1 reversing 2 satire 4 security 1 transcript 4 vibecoding
2026-04-26,25,1 ai 1 ask 2 assembly 1 c 1 c++ 1 cryptography 1 emacs 1 email 1 gleam 1 graphics 3 hardware 1 historical 1 javascript 1 linux 1 lua 1 mac 1 math 1 networking 1 nodejs 2 performance 2 practices 2 programming 1 retrocomputing 1 reversing 2 satire 4 security 1 transcript 5 vibecoding
2026-04-26,25,1 ask 1 browsers 1 c 2 c++ 1 cryptography 1 emacs 3 hardware 1 javascript 3 linux 1 lua 1 mac 2 networking 1 nodejs 3 performance 3 practices 3 programming 1 release 2 satire 1 scaling 5 security 5 vibecoding 1 video
2026-04-26,25,2 browsers 1 c 1 c++ 1 cryptography 1 go 5 hardware 1 historical 3 linux 2 lua 1 mac 1 networking 1 performance 3 practices 2 programming 2 release 2 satire 1 scaling 3 security 6 vibecoding 1 video 2 web
2026-04-27,25,1 browsers 1 c 1 c++ 1 compsci 3 cryptography 1 freebsd 1 go 4 hardware 1 historical 3 linux 2 lua 1 networking 1 performance 1 philosophy 2 practices 2 programming 2 release 1 satire 1 scaling 1 security 1 vcs 6 vibecoding 1 video 2 web
2026-04-27,25,1 ai 1 browsers 2 c 1 c++ 1 compsci 3 cryptography 1 freebsd 1 go 1 graphics 4 hardware 1 haskell 1 historical 2 linux 1 lua 1 networking 1 performance 1 philosophy 1 plt 1 programming 2 release 1 satire 1 security 1 testing 1 vcs 5 vibecoding 1 wasm 2 web
2026-04-27,25,1 ask 1 book 1 browsers 3 c 1 c++ 1 cryptography 1 email 2 freebsd 1 games 1 go 1 graphics 1 hardware 1 haskell 1 historical 3 linux 1 lua 2 networking 1 nodejs 2 performance 1 philosophy 1 plt 3 programming 1 python 4 release 1 rust 1 satire 2 security 1 show 2 testing 1 vcs 2 vibecoding 1 wasm 2 web
2026-04-27,25,1 ask 1 book 1 browsers 3 c 1 compilers 1 cryptography 1 email 1 formalmethods 2 freebsd 1 games 2 hardware 1 historical 3 linux 1 lua 2 networking 1 nodejs 1 pdf 2 performance 1 philosophy 1 plt 2 programming 1 python 3 release 1 retrocomputing 1 reversing 2 rust 2 security 1 show 1 testing 1 vcs 1 vibecoding 2 video 1 wasm 2 web
2026-04-28,25,1 ask 1 book 1 browsers 3 c 1 email 1 formalmethods 2 freebsd 2 games 1 graphics 2 hardware 1 historical 1 javascript 1 linux 1 lua 2 networking 1 nodejs 1 pdf 1 performance 1 plt 2 programming 2 python 3 release 2 retrocomputing 2 reversing 3 rust 3 security 1 show 1 testing 1 vcs 3 video 1 wasm 3 web
2026-04-28,25,1 ask 1 book 1 browsers 2 c 1 culture 1 distributed 1 email 1 formalmethods 2 freebsd 2 games 1 graphics 2 hardware 1 historical 1 javascript 1 linux 1 lua 2 networking 1 nodejs 1 pdf 1 performance 1 plt 2 programming 2 python 3 release 1 retrocomputing 2 reversing 3 rust 3 security 1 show 1 testing 1 vcs 2 video 1 wasm 4 web
2026-04-28,25,1 c 1 culture 1 databases 1 devops 1 distributed 1 email 1 event 1 formalmethods 1 go 2 hardware 1 haskell 1 javascript 1 law 2 linux 2 networking 1 pdf 1 performance 1 plt 2 practices 1 release 2 reversing 3 rust 6 security 2 show 3 vcs 2 vibecoding 1 video 1 wasm 3 web
2026-04-28,25,1 ai 1 culture 1 databases 1 devops 1 distributed 1 email 1 event 2 formalmethods 1 hardware 1 haskell 1 historical 1 javascript 1 law 2 linux 1 math 2 networking 1 pdf 1 performance 1 php 1 practices 1 release 1 retrocomputing 2 reversing 1 ruby 4 rust 5 security 3 vcs 2 vibecoding 2 video 1 web
2026-04-29,25,1 ai 1 culture 1 databases 1 devops 1 email 1 event 1 formalmethods 1 hardware 1 historical 1 law 1 linux 1 mac 1 math 1 netbsd 2 networking 1 performance 1 php 1 retrocomputing 1 ruby 3 rust 6 security 6 vcs 3 vibecoding 2 video
2026-04-29,25,1 ai 1 culture 1 databases 1 devops 1 email 1 event 1 formalmethods 1 hardware 1 law 1 linux 1 mac 1 netbsd 2 networking 1 performance 1 php 1 retrocomputing 1 ruby 1 rust 5 security 6 vcs 5 vibecoding 1 video 2 web
2026-04-29,25,2 devops 1 distributed 1 formalmethods 1 go 1 hardware 1 haskell 1 law 1 linux 1 lisp 1 mac 1 netbsd 2 networking 1 nix 1 plt 2 programming 1 retrocomputing 3 rust 4 security 8 vcs 3 vibecoding 2 web
2026-04-29,25,1 assembly 1 c 1 cryptography 1 editors 2 formalmethods 1 graphics 1 hardware 2 haskell 2 linux 1 lisp 1 mac 1 netbsd 2 networking 1 plt 2 programming 1 release 1 retrocomputing 4 rust 3 security 2 vcs 2 vibecoding 1 virtualization 3 web 2 zig
2026-04-30,25,1 browsers 1 cryptography 1 devops 1 distributed 1 editors 1 graphics 1 hardware 2 haskell 4 linux 1 lisp 1 mac 1 netbsd 2 networking 1 performance 1 plt 2 programming 1 release 5 rust 5 security 2 vcs 2 vibecoding 3 web 2 zig
2026-04-30,25,1 browsers 1 compilers 1 cryptography 1 devops 1 distributed 2 editors 1 hardware 2 haskell 4 linux 1 lisp 1 mac 1 netbsd 2 networking 1 performance 2 plt 2 programming 1 release 5 rust 5 security 1 vcs 2 vibecoding 3 web 2 zig
2026-04-30,25,2 browsers 1 compilers 1 cryptography 1 css 2 editors 3 haskell 3 linux 1 lisp 1 mac 1 math 1 netbsd 1 networking 2 plt 1 privacy 3 programming 1 release 4 rust 3 security 1 unix 2 vibecoding 3 web 2 zig
2026-04-30,25,1 ai 1 ask 2 browsers 2 compilers 1 compsci 1 css 2 editors 1 education 2 haskell 1 historical 3 linux 1 lisp 1 networking 1 performance 1 plt 1 privacy 3 programming 2 release 3 rust 1 security 1 testing 1 unix 3 vibecoding 1 web 2 zig
2026-05-01,25,1 ai 1 android 1 browsers 1 compilers 1 css 2 editors 1 gleam 3 haskell 2 linux 1 lisp 1 networking 1 performance 1 plt 2 privacy 4 programming 1 release 2 rust 2 security 1 testing 1 unix 3 vibecoding 1 web 1 windows 3 zig
2026-05-01,25,2 ai 1 android 1 ask 1 browsers 1 compilers 1 css 2 editors 1 gleam 2 haskell 2 linux 2 networking 1 performance 1 plt 1 privacy 4 programming 1 release 1 ruby 1 rust 1 security 1 testing 1 unix 3 vibecoding 1 web 3 zig
2026-05-01,25,2 ai 1 android 1 ask 1 browsers 1 compilers 1 css 1 editors 1 gleam 2 haskell 1 javascript 2 linux 1 networking 1 performance 1 person 1 php 1 plt 1 practices 1 privacy 2 programming 1 release 1 ruby 2 security 1 testing 1 unix 1 vcs 5 vibecoding 1 video 2 web 2 zig
2026-05-01,25,1 ai 1 android 1 ask 1 browsers 1 compilers 1 cryptography 1 editors 2 javascript 1 lisp 1 networking 3 performance 1 person 2 php 1 plt 1 practices 1 privacy 2 programming 1 python 1 release 1 ruby 1 security 1 testing 1 vcs 4 vibecoding 1 video 5 web 1 zig
2026-05-02,25,1 ai 1 android 1 ask 1 browsers 1 compilers 1 cryptography 1 culture 1 event 2 javascript 1 linux 1 lisp 1 networking 2 performance 1 person 1 plt 1 practices 1 privacy 3 programming 1 python 1 release 1 reversing 2 security 2 vcs 5 vibecoding 1 video 5 web 1 zig
2026-05-02,25,2 ai 1 ask 1 browsers 1 c++ 1 compilers 1 cryptography 1 culture 1 event 1 games 2 javascript 1 linux 1 lisp 2 performance 1 person 1 philosophy 1 plt 1 practices 3 programming 1 python 1 release 1 reversing 3 security 2 vcs 6 vibecoding 1 video 4 web
2026-05-02,25,1 apl 1 ask 1 book 1 c++ 1 cryptography 1 culture 2 design 1 event 2 games 1 graphics 1 historical 1 javascript 2 linux 1 lisp 1 networking 1 person 1 philosophy 2 practices 4 programming 1 release 2 reversing 3 security 2 vcs 5 vibecoding 1 video 1 web
2026-05-02,25,1 ai 1 apl 1 ask 1 book 1 c++ 2 cryptography 1 culture 2 design 1 email 1 event 2 games 1 graphics 1 hardware 1 historical 2 linux 1 lisp 2 networking 1 person 2 practices 4 programming 1 python 1 release 1 reversing 3 security 1 vcs 4 vibecoding 1 video 1 web
2026-05-03,25,1 ai 2 ask 1 book 1 browsers 1 c 2 c++ 1 design 1 email 1 event 2 games 1 hardware 2 linux 1 lisp 2 networking 1 performance 1 plt 2 practices 5 programming 1 python 1 release 2 security 1 show 2 vcs 4 vibecoding 1 web
2026-05-03,25,1 ai 2 ask 1 browsers 1 c 1 c++ 1 design 1 email 1 event 2 games 1 hardware 2 linux 1 mac 2 networking 1 performance 1 plt 1 practices 6 programming 1 python 2 release 1 retrocomputing 2 security 1 show 2 vcs 3 vibecoding 1 web
2026-05-03,25,1 a11y 1 ask 1 browsers 1 c 1 databases 1 design 1 education 1 email 2 games 1 hardware 3 linux 1 mac 2 networking 1 plt 1 privacy 4 programming 1 python 2 release 1 retrocomputing 2 security 1 show 1 systemd 2 vcs 2 vibecoding 1 web 1 zig
2026-05-03,25,1 a11y 1 ask 1 assembly 1 browsers 1 c 1 cryptography 1 culture 1 databases 1 design 1 editors 1 games 1 hardware 2 linux 2 mac 1 networking 1 plt 2 programming 1 python 1 release 1 retrocomputing 1 rust 4 security 1 show 1 systemd 3 vcs 3 vibecoding 2 virtualization 2 wasm 3 web 1 zig
2026-05-04,25,1 a11y 1 ask 1 assembly 1 c 1 css 1 culture 1 databases 1 editors 1 event 1 games 2 linux 2 mac 1 osdev 1 plt 2 programming 1 python 1 release 1 retrocomputing 1 reversing 1 ruby 1 rust 2 security 1 show 1 systemd 3 vcs 4 vibecoding 2 wasm 4 web
2026-05-04,25,1 a11y 2 ask 1 assembly 1 culture 1 databases 1 editors 1 event 1 games 2 linux 2 mac 2 osdev 3 programming 1 python 1 release 1 reversing 1 ruby 1 rust 1 security 1 show 1 systemd 3 vcs 4 vibecoding 2 wasm 4 web
2026-05-04,25,1 a11y 2 ai 1 ask 1 assembly 1 databases 1 editors 1 event 1 games 1 javascript 3 linux 2 mac 1 networking 2 osdev 3 programming 1 release 1 reversing 1 ruby 3 rust 3 security 1 systemd 1 wasm 4 web
2026-05-04,25,1 a11y 2 ai 1 ask 1 assembly 1 c 1 databases 1 editors 1 javascript 4 linux 2 mac 1 networking 2 osdev 1 programming 1 release 1 retrocomputing 1 reversing 2 rust 2 security 1 systemd 4 vibecoding 1 wasm 4 web
2026-05-05,25,1 ai 1 apl 1 ask 2 c 1 editors 1 hardware 2 javascript 4 linux 2 mac 1 networking 1 nix 2 osdev 1 pdf 1 plt 1 programming 1 release 1 retrocomputing 1 reversing 4 rust 5 security 5 vibecoding 3 web
2026-05-05,25,1 apl 1 ask 2 c 1 hardware 2 javascript 4 linux 1 mac 1 math 1 networking 1 nix 2 osdev 1 pdf 1 plt 1 programming 1 release 1 retrocomputing 1 ruby 4 rust 5 security 5 vibecoding 2 web
2026-05-05,25,2 c 3 cryptography 1 debugging 1 devops 2 hardware 1 javascript 2 linux 1 mac 1 math 3 networking 1 nix 1 osdev 1 pdf 1 plt 1 practices 1 release 4 rust 6 security 7 vibecoding 1 web
2026-05-05,25,2 c 1 cryptography 1 debugging 1 devops 3 hardware 1 javascript 2 linux 1 math 3 networking 2 nix 1 osdev 1 pdf 3 plt 1 python 2 release 2 retrocomputing 3 rust 5 security 6 vibecoding 2 web
2026-05-06,25,1 c 1 compilers 1 cryptography 1 debugging 1 devops 3 hardware 1 historical 1 javascript 2 linux 1 mac 4 networking 3 nix 2 osdev 4 plt 1 python 2 release 2 retrocomputing 4 rust 5 security 3 vibecoding 1 web
2026-05-06,25,1 compilers 1 cryptography 1 debugging 1 devops 1 editors 1 go 2 hardware 1 historical 1 ios 2 javascript 1 linux 3 networking 3 nix 2 osdev 4 plt 1 python 1 release 1 retrocomputing 3 rust 3 security 3 vibecoding 1 web
2026-05-06,25,1 c 1 compilers 1 cryptography 2 css 1 debugging 1 design 2 devops 3 editors 1 emacs 2 go 1 hardware 1 ios 1 linux 1 lisp 3 networking 1 nix 2 osdev 1 plt 1 practices 1 release 1 rust 1 security 1 vcs 4 vibecoding 3 web
2026-05-06,25,1 c 1 compilers 1 cryptography 2 css 1 debugging 1 design 1 devops 3 editors 1 emacs 1 games 2 go 1 hardware 1 ios 1 law 1 linux 2 lisp 1 networking 1 nix 2 osdev 1 plt 1 practices 1 release 1 rust 1 vcs 5 vibecoding 1 video 3 web
2026-05-07,25,1 ai 1 browsers 2 c 1 compilers 1 cryptography 2 css 1 databases 1 debugging 1 design 1 devops 1 editors 1 emacs 1 games 2 go 1 ios 1 java 1 javascript 1 law 1 linux 1 lisp 1 ml 1 networking 1 nodejs 1 osdev 1 person 1 plt 1 practices 1 programming 1 python 1 release 1 rust 1 satire 1 security 1 vcs 7 vibecoding 1 video 4 web
2026-05-07,25,1 ai 1 browsers 2 c 1 cryptography 2 css 1 culture 1 databases 1 design 1 devops 1 emacs 1 games 2 go 1 ios 1 java 3 javascript 1 law 2 lisp 1 ml 1 networking 2 nodejs 1 osdev 1 person 2 plt 2 practices 1 programming 1 python 1 release 1 satire 1 security 6 vibecoding 1 video 3 web
2026-05-07,25,2 ai 1 browsers 1 c 1 cryptography 1 css 1 culture 2 databases 1 design 2 devops 1 emacs 1 go 1 ios 1 java 3 javascript 1 law 2 lisp 1 ml 2 networking 2 nodejs 1 osdev 1 performance 1 person 1 php 2 plt 1 practices 1 programming 1 python 2 release 1 satire 2 security 1 show 6 vibecoding 1 video 3 web
2026-05-07,25,3 ai 2 browsers 1 css 1 culture 1 databases 1 design 1 devops 1 hardware 3 javascript 1 law 1 linux 1 lisp 1 ml 2 networking 2 nodejs 1 osdev 1 performance 1 php 3 plt 1 practices 1 python 3 release 1 ruby 1 satire 4 security 7 vibecoding 3 web
2026-05-08,25,1 a11y 3 ai 1 apl 2 browsers 1 culture 1 databases 1 devops 1 graphics 2 hardware 1 historical 2 javascript 1 law 1 linux 1 lisp 1 networking 1 nodejs 1 performance 1 php 2 plt 1 practices 1 programming 1 rant 3 release 1 retrocomputing 1 ruby 1 rust 1 satire 3 security 1 vcs 5 vibecoding 1 web
2026-05-08,25,1 a11y 2 ai 1 browsers 1 compilers 1 cryptography 1 databases 1 devops 2 graphics 2 hardware 1 historical 2 javascript 1 law 1 linux 1 lisp 1 nodejs 1 pdf 1 performance 1 php 2 plt 1 programming 3 release 1 retrocomputing 1 ruby 2 rust 3 security 1 vcs 4 vibecoding 2 web
2026-05-08,25,1 ai 1 ask 1 assembly 1 browsers 1 compilers 2 cryptography 1 devops 1 go 3 graphics 3 hardware 1 historical 1 law 1 linux 1 netbsd 1 networking 1 performance 1 php 1 plt 2 programming 2 release 1 retrocomputing 1 ruby 3 rust 4 security 1 vcs 3 vibecoding 4 web
2026-05-08,25,1 ai 1 ask 1 assembly 1 browsers 1 compilers 2 cryptography 1 devops 1 go 2 graphics 2 hardware 1 historical 1 law 1 linux 1 netbsd 1 networking 1 performance 1 php 1 practices 2 programming 1 release 1 reversing 1 ruby 4 rust 4 security 1 vcs 4 vibecoding 4 web
2026-05-09,25,1 ask 1 assembly 1 browsers 1 c++ 1 clojure 1 compilers 1 cryptography 1 debugging 1 devops 1 go 2 graphics 2 hardware 1 historical 1 javascript 2 linux 1 lisp 1 netbsd 2 networking 1 nix 1 performance 1 practices 3 programming 1 release 1 rust 7 security 1 vcs 5 vibecoding 1 wasm 4 web
2026-05-09,25,1 ask 1 assembly 1 browsers 1 c++ 1 clojure 1 compilers 1 cryptography 1 debugging 1 devops 1 go 1 graphics 1 hardware 1 historical 1 javascript 2 linux 1 lisp 1 netbsd 2 networking 1 nix 1 osdev 1 pdf 1 practices 3 programming 2 release 1 rust 5 security 1 testing 2 vcs 3 vibecoding 1 video 1 wasm 4 web 1 zig
2026-05-09,25,1 ask 1 assembly 1 browsers 1 c++ 1 clojure 1 compilers 1 cryptography 1 debugging 1 devops 1 go 1 graphics 1 historical 3 linux 1 lisp 1 netbsd 2 networking 1 nix 1 osdev 1 pdf 1 practices 2 programming 2 release 1 rust 6 security 1 testing 2 vcs 2 vibecoding 1 video 4 web 1 zig
2026-05-09,25,1 assembly 1 browsers 1 c++ 1 clojure 1 cryptography 1 debugging 1 devops 1 distributed 2 go 1 graphics 2 hardware 1 linux 1 lisp 1 mac 5 networking 1 nix 1 osdev 1 pdf 1 practices 1 programming 1 release 1 reversing 7 security 1 testing 1 vcs 2 vibecoding 1 video 4 web 1 zig
2026-05-10,25,1 browsers 1 concatenative 1 cryptography 1 debugging 1 devops 1 distributed 1 emacs 2 go 1 graphics 2 hardware 1 linux 1 logiclangs 1 mac 1 math 1 netbsd 3 networking 1 nix 1 osdev 1 pdf 1 practices 1 programming 1 release 1 retrocomputing 1 reversing 6 security 1 testing 1 vcs 2 vibecoding 1 video 2 web 1 zig
2026-05-10,25,2 apl 1 browsers 1 concatenative 1 debugging 1 distributed 1 emacs 2 go 1 graphics 2 hardware 2 logiclangs 1 mac 2 math 1 netbsd 3 networking 1 practices 1 programming 1 release 1 retrocomputing 1 reversing 5 security 1 vcs 3 vibecoding 1 video 2 web 1 zig
2026-05-10,25,2 apl 1 browsers 1 culture 2 distributed 1 freebsd 1 games 2 go 2 hardware 1 linux 1 logiclangs 1 mac 1 math 1 netbsd 2 networking 2 performance 1 practices 1 programming 1 rant 1 retrocomputing 1 reversing 1 rust 1 science 5 security 2 vibecoding 1 video 2 web 1 zig
2026-05-10,25,2 apl 1 cryptography 1 culture 1 distributed 1 education 1 freebsd 1 games 1 hardware 2 linux 1 logiclangs 2 math 2 networking 1 performance 1 practices 2 programming 1 rant 1 rust 4 security 1 unix 1 vcs 2 vibecoding 2 web 1 zig
2026-05-11,25,1 clojure 1 compilers 1 cryptography 1 culture 1 distributed 1 education 1 freebsd 1 games 1 go 1 hardware 3 linux 1 lisp 1 logiclangs 1 lua 1 math 1 networking 1 performance 1 person 1 practices 3 programming 1 rust 6 security 3 vibecoding 1 video 2 web
2026-05-11,25,1 browsers 1 c++ 1 clojure 1 compilers 1 culture 1 databases 1 education 1 freebsd 1 games 1 go 2 hardware 1 historical 4 linux 1 lisp 1 lua 1 performance 1 person 2 practices 3 programming 1 retrocomputing 1 reversing 1 rust 7 security 4 vibecoding 2 video 3 web
2026-05-11,25,1 ask 1 c++ 1 clojure 1 culture 1 databases 1 design 1 freebsd 1 games 1 go 1 graphics 1 historical 2 linux 1 lisp 1 performance 1 person 5 programming 1 retrocomputing 1 reversing 2 rust 4 security 1 show 1 testing 7 vibecoding 2 video 3 web
2026-05-11,25,1 c++ 1 clojure 1 culture 1 design 1 editors 1 emacs 1 games 1 go 1 graphics 1 linux 1 lisp 1 performance 1 person 6 programming 1 release 1 retrocomputing 1 reversing 3 rust 2 security 1 show 1 testing 8 vibecoding 1 video 2 web
2026-05-12,25,1 art 1 c++ 1 clojure 1 compilers 1 design 1 editors 1 emacs 1 games 1 go 1 graphics 1 linux 1 lisp 1 osdev 1 plt 1 practices 1 privacy 3 programming 1 release 1 retrocomputing 1 reversing 3 rust 1 satire 1 security 1 show 1 testing 8 vibecoding 1 video 3 web 1 zig
2026-05-12,25,1 art 1 c++ 1 clojure 1 compilers 1 cryptography 1 design 1 editors 1 emacs 1 games 2 go 1 graphics 1 hardware 1 linux 1 lisp 1 math 1 plt 1 practices 1 privacy 2 programming 1 release 1 retrocomputing 1 reversing 3 rust 1 satire 3 security 1 show 1 testing 8 vibecoding 1 video 2 web 1 zig
2026-05-12,25,1 android 1 art 1 compilers 1 cryptography 1 design 1 editors 2 emacs 1 games 2 go 2 graphics 1 hardware 1 historical 1 javascript 1 math 1 plt 3 practices 1 privacy 2 programming 1 release 1 retrocomputing 1 reversing 3 rust 5 security 1 show 5 vibecoding 1 video 2 web 1 zig
2026-05-12,25,1 android 2 databases 1 design 1 editors 2 emacs 1 games 2 go 2 graphics 1 hardware 1 historical 1 law 1 linux 1 math 1 nix 1 performance 2 practices 1 privacy 1 programming 1 release 4 rust 5 security 1 show 1 testing 5 vibecoding 1 video 2 web 1 zig
2026-05-13,25,1 android 1 compsci 1 databases 1 editors 1 emacs 1 games 2 go 2 graphics 1 hardware 1 historical 1 law 1 linux 1 math 1 nix 2 performance 2 practices 1 privacy 1 programming 1 release 1 retrocomputing 4 rust 5 security 1 show 1 testing 5 vibecoding 1 video 3 web 1 zig
2026-05-13,25,1 android 1 compsci 1 databases 1 design 2 editors 1 emacs 1 games 1 go 1 graphics 2 hardware 1 historical 1 law 1 linux 1 mac 1 math 1 nix 2 performance 1 plt 2 practices 1 privacy 1 programming 1 release 1 retrocomputing 3 rust 4 security 1 testing 2 vibecoding 1 video 3 web 1 zig
2026-05-13,25,1 ai 1 assembly 1 c++ 1 compilers 1 compsci 2 databases 1 debugging 1 design 1 editors 1 emacs 1 erlang 1 games 1 graphics 2 hardware 2 historical 1 law 2 linux 2 mac 1 performance 1 philosophy 2 plt 1 practices 1 privacy 2 programming 1 python 1 retrocomputing 1 rust 2 security 1 testing 2 vcs 2 vibecoding 1 video 1 wasm 3 web 1 windows
2026-05-13,25,1 ai 1 c++ 1 compsci 3 databases 2 design 1 distributed 1 editors 1 emacs 1 erlang 1 games 1 go 1 graphics 2 hardware 3 historical 1 law 3 linux 1 lua 2 mac 1 performance 1 philosophy 2 plt 1 practices 2 retrocomputing 1 rust 2 security 1 testing 2 vcs 1 video 1 web 1 windows
2026-05-14,25,1 ai 1 c++ 1 compsci 1 cryptography 3 databases 1 design 1 distributed 1 editors 2 emacs 1 erlang 1 go 2 hardware 2 historical 1 law 3 linux 1 lua 1 mac 1 networking 1 performance 1 philosophy 3 plt 1 practices 1 python 1 retrocomputing 1 rust 3 security 2 vcs 2 web 1 windows
2026-05-14,25,1 c++ 1 compsci 3 databases 1 design 1 distributed 1 editors 2 emacs 1 erlang 1 go 1 hardware 2 historical 3 linux 1 lua 1 mac 1 osdev 1 performance 2 plt 1 practices 2 python 1 release 1 retrocomputing 4 security 2 vcs 1 vibecoding 2 web 2 windows
2026-05-14,25,1 browsers 1 c++ 1 compsci 1 databases 1 design 1 elixir 2 emacs 1 erlang 2 hardware 3 historical 1 javascript 2 linux 1 lisp 1 lua 1 mac 1 osdev 1 performance 1 plt 1 practices 1 python 2 release 1 retrocomputing 1 rust 1 science 4 security 1 testing 1 vcs 1 vibecoding 1 wasm 3 web 2 windows
2026-05-14,25,1 assembly 1 browsers 1 c++ 2 databases 1 design 1 devops 1 distributed 1 elixir 2 emacs 1 hardware 3 historical 1 javascript 1 linux 2 lisp 1 mac 2 networking 1 osdev 1 plt 1 privacy 1 python 2 release 1 reversing 1 rust 1 science 3 security 1 testing 1 vcs 1 vibecoding 1 wasm 4 web 1 windows
2026-05-15,25,1 ask 1 assembly 1 browsers 1 c++ 1 compilers 1 compsci 2 databases 1 design 1 distributed 1 elixir 1 gleam 1 historical 1 javascript 3 linux 2 lisp 1 mac 1 meta 1 networking 1 privacy 1 programming 1 release 1 reversing 1 rust 3 security 1 testing 1 video 1 wasm 4 web 2 windows
2026-05-15,25,1 ask 1 browsers 1 c++ 1 compilers 1 compsci 1 databases 1 design 2 distributed 1 elixir 1 gleam 1 historical 2 javascript 3 linux 2 lisp 1 mac 1 meta 1 networking 2 privacy 2 programming 1 python 1 release 1 rust 1 satire 4 security 2 testing 1 video 1 wasm 3 web 1 windows
2026-05-15,25,2 ask 1 browsers 1 compilers 1 compsci 1 culture 3 databases 1 devops 1 distributed 1 dotnet 1 gleam 2 javascript 2 linux 1 lisp 1 meta 2 practices 2 privacy 3 programming 1 python 1 release 1 rust 1 satire 3 security 1 testing 1 video 1 wasm 3 web 1 windows
2026-05-15,25,2 ask 1 browsers 1 c++ 1 compilers 1 compsci 1 css 1 culture 2 databases 1 debugging 1 distributed 1 dotnet 1 emacs 1 ios 2 javascript 1 linux 1 logiclangs 1 math 1 ml 2 practices 2 privacy 3 programming 1 python 2 rust 1 satire 2 security 1 swift 1 testing 1 vcs 3 vibecoding 3 web
2026-05-16,25,2 ask 1 browsers 1 c++ 1 compsci 1 css 1 culture 2 databases 1 debugging 1 distributed 1 dotnet 1 emacs 1 ios 2 javascript 1 linux 1 logiclangs 1 math 1 meta 1 ml 1 philosophy 2 practices 1 privacy 4 programming 1 python 2 rust 1 satire 2 security 1 swift 1 testing 1 vcs 3 vibecoding 3 web
2026-05-16,25,2 ask 1 c++ 1 css 1 culture 1 databases 1 debugging 1 distributed 1 dotnet 1 editors 1 emacs 1 ios 1 javascript 1 linux 2 logiclangs 1 math 1 meta 1 ml 1 networking 1 philosophy 2 practices 1 privacy 5 programming 1 python 3 rust 3 security 1 swift 1 vcs 2 vibecoding 1 video 2 web 1 windows
2026-05-16,25,2 ask 1 c 2 css 2 databases 1 editors 1 education 1 freebsd 1 go 1 hardware 2 linux 1 logiclangs 1 math 1 meta 1 networking 1 pdf 1 philosophy 2 practices 5 programming 1 release 1 reversing 4 rust 4 security 1 unix 1 vcs 1 vibecoding 2 video 1 web 2 windows 1 zig
2026-05-16,25,1 c 1 cryptography 2 css 2 databases 1 editors 1 email 1 freebsd 1 hardware 3 linux 1 lisp 1 logiclangs 1 math 1 meta 2 networking 1 osdev 1 pdf 2 practices 3 programming 1 release 1 reversing 4 rust 5 security 1 unix 1 vcs 3 vibecoding 2 video 1 web 1 windows 1 zig
2026-05-17,25,1 c 1 cryptography 2 css 1 databases 1 editors 1 email 1 freebsd 1 games 1 hardware 2 linux 1 lisp 1 logiclangs 1 meta 2 ml 1 networking 1 openbsd 1 pdf 1 practices 2 programming 1 python 1 release 2 retrocomputing 2 reversing 2 rust 4 security 1 unix 1 vcs 2 vibecoding 1 video 1 web 1 windows 2 zig
2026-05-17,25,1 c 1 cryptography 2 css 1 editors 1 email 1 freebsd 1 games 1 hardware 2 linux 1 lisp 2 logiclangs 1 meta 1 ml 1 networking 1 openbsd 1 practices 2 programming 1 python 1 release 2 retrocomputing 2 reversing 2 rust 4 security 1 unix 1 vcs 3 vibecoding 1 video 1 web 1 windows 2 zig
2026-05-17,25,1 c 1 cryptography 2 css 1 culture 1 editors 1 email 1 freebsd 1 hardware 2 linux 1 lisp 2 logiclangs 1 meta 1 ml 1 networking 1 openbsd 1 performance 1 practices 1 privacy 1 programming 1 python 1 retrocomputing 1 reversing 1 rust 4 security 1 unix 2 vcs 4 vibecoding 1 web 1 windows 2 zig
2026-05-17,25,1 c 1 cryptography 1 css 1 culture 1 design 2 distributed 1 email 2 freebsd 1 hardware 3 linux 1 lisp 1 logiclangs 1 mac 1 ml 1 networking 1 performance 4 practices 1 privacy 1 python 1 retrocomputing 2 rust 2 security 1 swift 1 unix 2 vcs 4 vibecoding 2 web 3 zig
2026-05-18,25,1 c 1 cryptography 1 css 1 culture 1 design 1 distributed 1 emacs 1 email 2 freebsd 2 hardware 3 linux 1 lisp 1 logiclangs 1 mac 1 ml 1 networking 2 performance 4 practices 1 privacy 1 retrocomputing 3 rust 2 security 1 swift 1 unix 1 vcs 4 vibecoding 1 web 3 zig
2026-05-18,25,1 android 1 cryptography 1 culture 1 databases 1 design 2 distributed 1 emacs 2 freebsd 2 hardware 3 linux 1 lisp 2 mac 2 networking 1 performance 4 practices 1 privacy 1 programming 1 retrocomputing 2 reversing 2 rust 4 security 1 swift 2 vcs 5 vibecoding 1 web 1 windows 2 zig
2026-05-18,25,1 android 1 ask 1 cryptography 1 culture 1 databases 1 debugging 1 design 2 distributed 1 emacs 2 freebsd 1 graphics 2 hardware 2 linux 2 mac 2 networking 3 performance 3 practices 1 privacy 2 programming 2 retrocomputing 2 reversing 2 rust 3 security 1 swift 2 vcs 5 vibecoding 1 web 1 windows 2 zig
2026-05-18,25,1 android 1 ask 1 databases 1 debugging 1 design 1 distributed 1 emacs 1 freebsd 1 go 1 graphics 2 hardware 1 java 2 linux 1 lisp 2 mac 1 mobile 2 networking 3 performance 2 practices 1 privacy 2 programming 1 retrocomputing 1 reversing 1 rust 1 security 1 swift 2 unix 2 vcs 3 vibecoding 2 wasm 1 web 1 windows
2026-05-19,25,1 ask 1 debugging 1 design 1 emacs 1 freebsd 1 games 1 graphics 1 historical 1 java 1 law 3 linux 1 lisp 2 mac 1 mobile 1 networking 1 pdf 2 performance 2 plt 3 practices 1 privacy 3 programming 1 retrocomputing 1 rust 1 science 2 security 1 swift 2 unix 1 vcs 2 vibecoding 2 wasm 1 web 1 windows
2026-05-19,25,1 ai 1 ask 1 clojure 1 debugging 1 formalmethods 1 graphics 1 historical 1 java 1 law 3 linux 1 lisp 1 mac 1 math 1 mobile 1 networking 1 osdev 2 pdf 2 performance 2 plt 4 practices 1 privacy 3 programming 1 python 1 retrocomputing 1 rust 2 security 2 unix 1 vcs 3 vibecoding 2 wasm 1 web 1 windows
2026-05-19,25,1 databases 2 debugging 1 graphics 2 java 1 law 3 linux 1 lisp 1 mac 1 mobile 1 networking 1 osdev 3 pdf 2 performance 1 plt 4 practices 1 privacy 2 programming 1 retrocomputing 2 rust 2 security 2 unix 1 vcs 3 vibecoding 2 wasm 2 web 2 windows 1 zig
2026-05-19,25,1 ai 1 ask 3 databases 1 debugging 1 design 2 formalmethods 2 java 1 law 1 linux 1 lisp 1 mac 1 openbsd 1 osdev 3 pdf 1 performance 2 plt 2 practices 1 privacy 4 programming 1 release 1 rust 2 security 1 testing 1 unix 1 vcs 2 vibecoding 1 wasm 1 web 1 windows 1 zig
2026-05-20,25,1 ask 2 databases 2 debugging 1 design 1 emacs 1 formalmethods 1 games 1 java 1 law 2 linux 1 mac 1 openbsd 1 osdev 1 pdf 1 performance 1 plt 2 practices 1 privacy 3 programming 1 release 2 rust 1 security 1 unix 2 vcs 3 vibecoding 1 web 1 windows 1 zig
2026-05-20,25,1 api 1 ask 2 databases 1 debugging 1 design 1 emacs 1 formalmethods 1 games 1 historical 1 law 2 linux 1 openbsd 1 performance 1 plt 1 practices 1 privacy 4 programming 1 release 1 retrocomputing 1 ruby 1 rust 2 security 2 vcs 3 vibecoding 1 video 1 web 1 zig
2026-05-20,25,1 ai 1 api 1 ask 1 c 2 databases 1 debugging 1 design 2 emacs 1 formalmethods 1 games 1 historical 1 law 1 linux 1 openbsd 1 performance 1 plt 1 practices 1 privacy 2 programming 1 release 1 retrocomputing 1 ruby 1 rust 4 security 2 vcs 4 vibecoding 1 video
2026-05-20,25,1 api 1 ask 1 browsers 2 c 1 c++ 1 databases 1 design 1 emacs 1 games 1 hardware 2 historical 2 javascript 2 linux 1 openbsd 1 performance 1 practices 2 programming 1 release 1 retrocomputing 1 ruby 1 rust 7 security 1 unix 2 vcs 3 vibecoding 1 video 1 zig
2026-05-21,25,1 ai 1 api 2 browsers 2 c 1 c++ 1 formalmethods 2 hardware 1 historical 2 javascript 1 law 2 linux 1 math 1 nodejs 1 openbsd 1 philosophy 1 practices 2 programming 1 release 1 ruby 1 rust 7 security 1 unix 1 vcs 3 vibecoding 1 zig
2026-05-21,25,1 ai 1 api 2 browsers 2 c 1 c++ 1 email 1 formalmethods 2 hardware 1 historical 2 javascript 1 law 1 linux 1 math 1 nodejs 2 openbsd 1 philosophy 1 practices 1 programming 1 release 1 ruby 1 rust 6 security 1 unix 3 vibecoding 1 web 1 zig
2026-05-21,25,1 api 2 browsers 3 c 1 c++ 1 compilers 1 devops 1 email 2 hardware 1 historical 1 javascript 1 law 1 linux 1 math 1 openbsd 1 philosophy 1 practices 1 ruby 1 rust 5 security 4 vibecoding 4 web
2026-05-21,25,1 ask 2 browsers 2 c 1 c++ 2 compilers 1 css 2 devops 1 email 2 freebsd 2 go 2 hardware 1 historical 1 javascript 1 job 1 law 1 linux 2 math 1 openbsd 1 performance 1 philosophy 1 plt 1 practices 2 programming 1 python 2 ruby 1 rust 5 security 2 vibecoding 1 web
2026-05-22,25,1 ask 2 browsers 3 c 1 c++ 2 compilers 1 css 1 debugging 2 devops 1 dotnet 1 email 2 freebsd 1 go 2 hardware 1 historical 1 job 1 linux 2 math 1 openbsd 1 philosophy 1 plt 3 practices 3 programming 1 python 1 reversing 6 security 2 vibecoding 2 web
2026-05-22,25,1 ask 2 browsers 3 c 1 c++ 2 compilers 1 debugging 2 devops 3 distributed 1 dotnet 1 email 1 freebsd 2 go 1 hardware 2 historical 1 job 1 linux 1 math 1 networking 1 openbsd 1 pdf 1 philosophy 1 plt 3 practices 1 privacy 1 programming 1 python 1 reversing 5 security 1 testing 2 vibecoding 2 web
2026-05-22,25,2 ask 2 browsers 3 c 1 c++ 1 compilers 1 debugging 2 devops 2 distributed 1 dotnet 2 freebsd 1 games 1 go 1 hardware 1 historical 1 job 1 linux 1 networking 2 plt 3 practices 1 privacy 1 programming 2 python 1 reversing 8 security 1 vibecoding 2 web
2026-05-22,25,2 ask 2 browsers 2 c 1 c++ 1 compilers 1 concatenative 1 debugging 1 devops 2 distributed 1 dotnet 1 freebsd 1 games 2 go 1 hardware 1 historical 1 job 1 linux 1 networking 2 practices 1 privacy 1 programming 2 python 1 release 1 reversing 5 security 2 vibecoding 1 video 4 web
2026-05-23,25,2 ask 2 browsers 1 c 1 compsci 1 concatenative 2 cryptography 2 distributed 2 formalmethods 1 freebsd 1 games 2 go 1 hardware 1 historical 1 job 1 law 3 linux 1 networking 1 practices 1 privacy 1 programming 1 release 1 rust 6 security 1 vibecoding 1 video 4 web
2026-05-23,25,1 ask 2 browsers 2 c 1 compsci 1 concatenative 2 cryptography 1 distributed 2 formalmethods 1 freebsd 2 games 1 hardware 2 historical 1 law 3 linux 1 networking 1 nodejs 1 performance 1 privacy 2 programming 1 python 1 retrocomputing 1 rust 5 security 2 vibecoding 1 video 2 web
2026-05-23,25,2 browsers 2 c 1 compsci 1 concatenative 2 cryptography 1 distributed 1 elixir 2 formalmethods 1 freebsd 1 games 2 go 1 hardware 3 historical 2 linux 1 mac 1 networking 1 performance 1 programming 1 python 2 retrocomputing 1 security 4 vibecoding 3 web
2026-05-23,25,1 art 1 browsers 3 c 1 c++ 2 concatenative 1 cryptography 1 devops 1 distributed 1 elixir 1 formalmethods 1 games 3 go 2 graphics 2 hardware 3 historical 5 linux 1 networking 1 openbsd 1 programming 1 python 1 rant 2 retrocomputing 1 security 3 vibecoding 2 web
2026-05-24,25,1 a11y 1 art 2 c 1 c++ 1 compsci 1 concatenative 1 databases 1 distributed 1 dotnet 1 elixir 1 games 3 go 2 graphics 1 hardware 3 historical 5 linux 1 lisp 1 networking 1 openbsd 1 programming 1 python 1 rant 2 retrocomputing 1 unix 3 vibecoding 1 vim 2 web
2026-05-24,25,1 a11y 2 art 1 assembly 2 c 2 c++ 1 compsci 1 concatenative 1 databases 1 dotnet 1 games 2 go 2 graphics 2 hardware 4 historical 4 linux 1 lisp 1 programming 1 rant 2 retrocomputing 1 reversing 1 unix 1 vcs 2 vibecoding 1 vim 2 web
2026-05-24,25,1 a11y 1 ai 1 api 2 art 1 assembly 1 browsers 1 compsci 1 concatenative 1 databases 1 dotnet 1 games 2 go 2 graphics 1 hardware 3 historical 1 ios 7 linux 1 lisp 1 mac 1 programming 1 rant 2 retrocomputing 3 security 1 unix 1 vcs 1 vibecoding 1 vim 3 web
2026-05-24,25,1 a11y 1 ai 1 api 2 art 1 assembly 1 browsers 1 c++ 1 compsci 1 concatenative 1 databases 1 dotnet 1 gleam 2 go 3 graphics 1 hardware 1 historical 7 linux 1 lisp 1 math 2 programming 2 rant 1 rust 3 security 1 unix 1 vcs 1 vibecoding 1 video 1 vim 3 web
2026-05-25,25,1 a11y 1 ai 1 api 2 art 1 assembly 1 browsers 1 c 1 compsci 1 culture 1 dotnet 1 gleam 1 go 3 graphics 1 hardware 1 historical 1 javascript 8 linux 1 math 1 practices 3 programming 2 rant 1 rust 3 security 1 systemd 1 unix 1 vcs 2 vibecoding 1 video 1 vim 4 web
2026-05-25,25,1 a11y 1 api 1 art 1 assembly 1 browsers 1 c 1 compsci 1 culture 1 dotnet 2 go 2 graphics 1 hardware 2 haskell 1 historical 1 javascript 5 linux 1 math 1 networking 1 plt 1 practices 3 programming 2 rant 1 release 2 rust 1 security 1 systemd 3 vibecoding 1 vim 4 web
2026-05-25,25,2 a11y 1 api 1 ask 1 browsers 2 c 1 c++ 1 compsci 1 culture 1 devops 2 go 1 hardware 2 haskell 1 historical 1 javascript 3 linux 1 math 1 networking 1 nix 1 philosophy 1 plt 1 practices 4 programming 1 rant 1 release 1 rust 1 security 1 systemd 2 vibecoding 1 vim 4 web
2026-05-25,25,1 a11y 2 ai 1 ask 4 c 1 c++ 1 compilers 1 culture 1 devops 1 go 1 hardware 2 haskell 1 historical 1 javascript 3 linux 1 nix 2 philosophy 2 practices 4 programming 1 rant 1 release 1 rust 1 security 1 systemd 4 vibecoding 2 web
2026-05-26,25,1 a11y 2 ai 1 ask 3 c 2 c++ 1 compilers 1 devops 2 editors 2 go 1 haskell 2 javascript 4 linux 1 nix 2 philosophy 1 practices 3 programming 1 rant 1 release 2 rust 1 security 1 show 1 systemd 4 vibecoding 2 web
2026-05-26,25,1 a11y 2 ai 1 ask 3 c 2 c++ 1 compilers 1 devops 2 editors 2 go 2 javascript 4 linux 1 lisp 1 nix 2 philosophy 1 practices 3 programming 1 rant 2 rust 1 security 1 show 1 systemd 4 vibecoding 2 web
2026-05-26,25,1 a11y 2 ai 1 art 1 c 2 c++ 1 compilers 1 culture 1 devops 2 editors 1 education 2 go 1 hardware 2 historical 2 javascript 2 linux 1 lisp 1 mac 1 nix 1 performance 2 philosophy 1 practices 3 programming 1 rant 1 security 1 show 5 vibecoding 1 visualization 2 web
2026-05-26,25,1 a11y 2 ai 1 art 1 ask 1 c 1 c++ 1 compilers 1 css 2 culture 1 databases 1 design 2 editors 1 education 1 go 1 hardware 2 historical 1 javascript 3 linux 1 mac 1 performance 2 philosophy 1 practices 3 programming 2 rant 1 rust 1 show 5 vibecoding 1 visualization 1 web
2026-05-27,25,1 a11y 2 ai 1 art 1 ask 1 c 1 c++ 1 compilers 1 css 2 culture 1 databases 1 design 1 education 1 go 1 hardware 2 historical 1 linux 1 mac 1 math 1 networking 1 performance 2 philosophy 2 practices 1 privacy 2 programming 1 rant 1 rust 1 scaling 1 show 1 vcs 7 vibecoding 1 visualization 2 web
2026-05-27,25,1 ai 1 art 1 ask 1 c 1 c++ 1 compilers 1 css 1 culture 1 design 1 education 2 hardware 1 historical 1 javascript 2 linux 1 mac 1 math 1 networking 2 philosophy 3 practices 1 privacy 3 programming 1 python 1 rant 1 retrocomputing 3 rust 1 vcs 6 vibecoding 1 video 1 visualization 1 wasm 2 web 1 windows 1 zig
2026-05-27,25,1 ai 1 art 2 ask 1 c++ 1 css 1 culture 1 databases 1 design 1 distributed 1 education 2 emacs 1 hardware 1 linux 1 mac 2 math 1 networking 2 philosophy 2 practices 1 privacy 3 programming 1 python 1 rant 2 rust 1 vcs 4 vibecoding 1 visualization 1 wasm 2 web 1 windows 1 zig
2026-05-27,25,1 art 2 ask 1 browsers 2 compilers 1 css 1 culture 1 databases 1 design 1 distributed 1 education 1 elixir 2 emacs 1 erlang 1 gleam 1 hardware 1 lisp 2 mac 2 math 1 performance 1 practices 3 programming 1 python 2 rant 1 retrocomputing 1 rust 1 security 1 vcs 4 vibecoding 2 video 1 visualization 1 wasm 2 web 1 windows 2 zig
2026-05-28,25,1 apl 1 art 2 ask 1 browsers 1 cogsci 2 compilers 2 css 1 databases 1 design 1 distributed 1 editors 3 education 1 elixir 2 emacs 1 erlang 1 graphics 1 hardware 1 javascript 1 lisp 1 mac 1 math 1 performance 1 practices 1 programming 1 python 2 rant 1 retrocomputing 2 rust 1 security 5 vibecoding 1 video 1 vim 1 visualization 2 web 2 zig
2026-05-28,25,1 apl 1 art 2 ask 1 browsers 1 c 1 clojure 1 cogsci 3 compilers 1 css 1 databases 1 distributed 1 editors 3 education 1 elixir 1 emacs 1 erlang 1 graphics 1 hardware 1 javascript 2 lisp 1 mac 1 math 1 performance 1 programming 2 rant 1 retrocomputing 2 rust 1 security 5 vibecoding 1 video 1 vim 1 visualization 1 web 2 zig
2026-05-28,25,1 apl 2 ask 1 browsers 1 c 1 clojure 1 cogsci 2 compilers 1 compsci 1 css 1 devops 1 editors 2 education 1 elixir 1 emacs 1 erlang 1 graphics 1 hardware 1 javascript 2 linux 2 lisp 1 mac 1 performance 1 practices 2 programming 1 rant 1 retrocomputing 2 rust 2 security 1 unix 2 vibecoding 2 video 1 vim 1 web 2 zig
2026-05-28,25,1 ai 1 apl 1 ask 1 c 1 clojure 1 cogsci 1 compilers 1 compsci 2 devops 1 editors 2 education 1 elixir 2 emacs 1 erlang 2 linux 2 lisp 1 nix 1 practices 1 programming 1 rant 1 retrocomputing 4 rust 4 security 1 unix 1 vcs 2 vibecoding 1 video 1 vim 2 web 1 zig
2026-05-29,25,1 apl 1 ask 1 clojure 1 cogsci 1 compsci 2 devops 1 editors 2 education 1 elixir 2 emacs 1 erlang 2 linux 1 lisp 1 nix 2 practices 1 programming 1 release 1 retrocomputing 5 rust 5 security 1 unix 2 vcs 2 vibecoding 1 video 1 vim 3 web 1 zig
2026-05-29,25,1 api 1 apl 1 ask 1 cogsci 1 compilers 1 compsci 1 design 2 devops 1 editors 2 education 1 elixir 1 erlang 1 freebsd 1 graphics 1 hardware 2 linux 1 lua 1 nix 2 practices 1 release 1 retrocomputing 1 reversing 3 rust 5 security 1 unix 2 vcs 5 vibecoding 1 video 1 vim 1 virtualization 3 web 1 zig
2026-05-29,25,1 api 2 ask 2 compilers 1 compsci 1 cryptography 1 databases 1 design 2 devops 1 editors 1 education 1 hardware 3 linux 1 lisp 1 lua 1 merkle-trees 1 nix 1 performance 2 practices 1 programming 1 release 1 retrocomputing 1 reversing 3 rust 1 security 1 unix 2 vcs 3 vibecoding 1 vim 3 web
2026-05-29,25,1 api 2 ask 2 compilers 1 databases 1 design 2 devops 1 emacs 1 hardware 3 linux 2 lisp 1 lua 1 nix 2 performance 1 person 2 programming 1 python 2 release 1 retrocomputing 1 reversing 2 rust 2 security 1 vcs 3 vibecoding 3 web
2026-05-30,25,1 ai 1 api 2 ask 2 compilers 1 culture 1 databases 1 design 1 devops 1 education 1 emacs 2 hardware 3 linux 2 lisp 1 lua 2 nix 2 performance 1 person 1 philosophy 2 programming 1 python 2 release 1 reversing 2 rust 2 security 1 vcs 4 vibecoding 1 video 2 web
2026-05-30,25,1 ai 1 api 2 ask 1 compilers 1 culture 2 design 1 devops 1 education 1 emacs 2 hardware 3 linux 2 lisp 2 nix 1 pdf 2 performance 1 person 1 philosophy 2 programming 1 python 2 release 1 reversing 2 rust 1 satire 1 science 2 security 1 vcs 4 vibecoding 1 video 3 web
2026-05-30,25,1 ai 1 api 2 ask 2 c++ 1 compilers 1 culture 2 design 1 editors 1 education 1 emacs 1 games 1 go 2 hardware 3 linux 1 lisp 1 nix 1 pdf 3 performance 1 person 1 philosophy 2 programming 1 python 4 release 1 reversing 1 rust 1 satire 1 science 2 security 4 vibecoding 1 video 3 web
2026-05-30,25,1 ai 1 api 1 ask 2 c++ 1 compilers 1 culture 2 design 1 education 1 emacs 1 games 1 graphics 2 hardware 1 haskell 1 ios 4 linux 1 mac 1 math 1 mobile 3 nix 2 pdf 3 performance 1 person 1 philosophy 2 programming 1 python 3 release 1 reversing 1 science 2 security 1 slides 3 vibecoding 1 video 2 web
2026-05-31,25,1 art 1 cryptography 1 culture 3 design 1 education 1 emacs 1 graphics 2 hardware 2 haskell 1 historical 1 ios 3 linux 1 mac 1 math 1 mobile 2 nix 2 pdf 3 performance 1 person 1 plt 2 programming 1 python 1 release 1 reversing 2 rust 1 science 3 security 1 slides 2 vibecoding 1 video 1 visualization 2 web 1 zig
2026-05-31,25,1 a11y 1 apl 1 art 1 cryptography 3 design 1 dotnet 1 editors 1 emacs 3 graphics 3 hardware 2 haskell 1 historical 2 linux 1 math 1 mobile 2 nix 1 pdf 2 performance 1 person 1 plt 1 programming 2 release 1 retrocomputing 2 reversing 1 rust 1 science 1 security 3 video 1 visualization 2 web 1 zig
2026-05-31,25,1 a11y 1 ai 1 apl 1 art 1 debugging 3 design 1 dotnet 1 editors 4 graphics 4 hardware 1 historical 2 linux 1 mobile 3 nix 2 performance 1 person 1 practices 2 programming 2 release 1 retrocomputing 2 reversing 1 rust 2 security 3 video 1 visualization 2 web 2 zig
2026-05-31,25,1 a11y 1 culture 1 debugging 1 design 1 devops 1 dotnet 2 editors 1 games 2 graphics 2 hardware 1 linux 2 nix 2 performance 1 plt 1 practices 1 privacy 2 programming 2 release 1 retrocomputing 1 reversing 2 rust 2 security 4 vibecoding 1 video 1 visualization 1 vscode 3 web 2 zig
2026-06-01,25,1 a11y 1 c++ 1 culture 1 debugging 1 devops 2 editors 2 games 2 graphics 2 hardware 1 haskell 1 linux 2 nix 1 performance 1 plt 1 practices 1 privacy 3 programming 2 release 1 retrocomputing 2 rust 2 security 5 vibecoding 1 video 1 vscode 1 web 2 zig
2026-06-01,25,1 a11y 1 ai 1 api 1 c++ 1 databases 1 debugging 1 distributed 2 editors 1 email 1 games 2 graphics 1 hardware 1 haskell 1 linux 2 nix 1 openbsd 2 practices 1 privacy 3 programming 3 release 1 retrocomputing 2 rust 2 security 1 unix 3 vibecoding 1 vscode 1 web 2 zig
2026-06-01,25,1 a11y 1 ai 1 api 1 ask 1 c++ 1 compilers 1 databases 2 debugging 1 distributed 1 email 1 games 2 go 1 graphics 1 hardware 1 haskell 1 java 2 linux 1 math 1 openbsd 1 practices 1 privacy 3 programming 2 release 1 retrocomputing 1 reversing 2 rust 1 unix 4 vibecoding 1 web 1 zig
2026-06-01,25,1 a11y 1 ai 1 ask 1 compilers 2 debugging 1 devops 2 distributed 2 go 1 graphics 1 hardware 1 haskell 1 historical 1 java 4 linux 1 math 1 privacy 1 programming 2 release 2 retrocomputing 1 reversing 2 rust 1 security 1 systemd 1 unix 4 vibecoding 1 web 1 zig
2026-06-02,25,1 a11y 1 ai 1 ask 1 compilers 1 debugging 1 devops 2 distributed 2 go 1 graphics 1 hardware 1 historical 4 linux 1 math 1 nix 1 programming 2 release 3 retrocomputing 2 reversing 2 rust 2 security 1 systemd 1 unix 6 vibecoding 1 web
2026-06-02,25,1 a11y 2 ai 1 ask 1 browsers 1 compilers 1 debugging 1 devops 1 distributed 2 go 1 graphics 3 hardware 1 haskell 1 historical 3 linux 1 lisp 1 math 1 ml 1 networking 1 nix 1 practices 1 privacy 2 programming 2 release 2 retrocomputing 1 reversing 1 rust 1 security 1 systemd 4 vibecoding
2026-06-02,25,1 ai 1 browsers 1 c 1 compilers 1 debugging 1 devops 1 distributed 1 editors 1 go 1 graphics 2 hardware 1 haskell 1 historical 1 illumos 1 java 3 linux 1 lisp 1 math 1 ml 1 nix 1 osdev 1 philosophy 1 practices 1 privacy 2 release 2 retrocomputing 1 reversing 2 rust 1 satire 1 security 1 systemd 5 vibecoding 1 vim
2026-06-02,25,1 browsers 2 c 1 compilers 1 debugging 1 devops 1 distributed 1 editors 1 go 1 graphics 1 hardware 1 java 3 linux 1 lisp 1 math 1 ml 1 nix 1 osdev 1 performance 1 philosophy 1 plt 1 practices 1 privacy 3 programming 2 release 4 rust 1 security 1 swift 1 systemd 4 vibecoding 1 vim 1 zig
2026-06-03,25,1 ai 1 art 1 c 1 clojure 1 devops 1 distributed 1 editors 1 go 1 java 3 linux 1 lisp 1 ml 1 osdev 2 philosophy 1 plt 1 practices 3 programming 2 release 4 rust 3 security 1 show 1 swift 1 systemd 1 unix 1 vcs 4 vibecoding 1 vim 1 vscode 1 web 1 windows 1 zig
2026-06-03,25,2 ai 1 art 1 clojure 1 distributed 1 editors 1 gleam 1 go 1 historical 1 linux 2 lisp 1 osdev 1 pdf 2 performance 2 philosophy 2 practices 3 programming 3 release 3 rust 2 security 1 show 1 systemd 1 unix 1 vcs 4 vibecoding 1 vim 1 vscode 1 web 1 windows 1 zig
2026-06-03,25,1 art 1 clojure 1 editors 1 gleam 1 go 1 javascript 1 linux 2 lisp 1 osdev 1 performance 2 philosophy 1 plt 3 programming 2 release 3 rust 3 security 2 show 1 unix 1 vcs 5 vibecoding 1 vim 1 vscode 3 web 2 windows 1 zig
2026-06-03,25,1 art 1 c 1 clojure 1 design 1 editors 1 elixir 1 gleam 1 kotlin 1 linux 1 lisp 2 performance 1 person 1 philosophy 2 plt 2 programming 1 python 3 release 2 rust 3 security 1 show 1 unix 1 vcs 4 vibecoding 1 vim 1 visualization 1 vscode 3 web 1 windows 1 zig
2026-06-04,25,1 art 1 c 1 clojure 1 design 1 editors 1 elixir 1 gleam 1 kotlin 1 lisp 2 performance 1 person 2 philosophy 2 plt 2 programming 1 python 3 release 2 rust 3 security 1 show 1 unix 1 vcs 4 vibecoding 1 vim 1 visualization 1 vscode 4 web 1 windows 1 zig
2026-06-04,25,1 art 1 c 1 c++ 1 clojure 1 cryptography 1 design 1 elixir 1 gleam 2 haskell 1 javascript 1 kotlin 2 performance 1 person 2 philosophy 3 plt 2 programming 1 python 2 release 2 rust 3 security 1 show 1 unix 1 vcs 3 vibecoding 1 visualization 1 vscode 4 web
2026-06-04,25,1 art 1 ask 1 c 2 c++ 1 clojure 1 compsci 1 cryptography 2 design 1 elixir 1 gleam 2 haskell 1 javascript 3 performance 1 person 1 philosophy 3 plt 1 practices 1 python 1 release 1 rust 3 security 1 show 3 vibecoding 1 visualization 1 vscode 5 web
2026-06-04,25,1 ask 1 c 1 c++ 1 compsci 1 cryptography 1 culture 2 design 1 elixir 1 graphics 2 haskell 1 javascript 2 performance 1 person 1 philosophy 4 plt 2 practices 1 python 1 release 3 security 1 vcs 4 vibecoding 2 visualization 1 vscode 5 web
2026-06-05,25,1 apl 1 ask 1 c++ 1 compsci 1 culture 1 design 1 devops 1 elixir 1 graphics 2 haskell 1 linux 2 performance 1 person 1 philosophy 2 plt 2 practices 1 programming 1 python 1 release 1 rust 1 scaling 1 unix 1 vcs 4 vibecoding 1 video 4 web
2026-06-05,25,1 apl 1 browsers 1 c 2 c++ 1 compsci 1 culture 1 design 1 devops 1 elixir 1 games 2 graphics 1 hardware 1 haskell 1 linux 1 logiclangs 2 performance 1 person 1 philosophy 1 plt 3 practices 2 programming 1 release 1 rust 1 scaling 1 unix 1 vcs 2 vibecoding 3 video 2 web
2026-06-05,25,1 apl 1 ask 2 browsers 1 c 2 c++ 1 compsci 2 culture 1 devops 1 games 1 haskell 1 linux 1 logiclangs 1 performance 1 person 1 philosophy 3 practices 3 programming 1 release 1 rust 1 scaling 1 security 1 unix 1 vcs 2 vibecoding 2 video 1 web
2026-06-05,25,1 apl 2 ask 1 browsers 1 c 2 c++ 1 compsci 2 culture 1 devops 1 historical 1 law 1 linux 1 logiclangs 1 performance 1 person 3 practices 3 programming 1 python 1 release 2 rust 1 scaling 2 security 1 unix 1 vcs 3 vibecoding 1 video 1 web 1 windows
2026-06-06,25,1 apl 2 ask 1 browsers 1 c 2 c++ 1 compsci 2 culture 1 databases 1 devops 1 education 1 historical 1 law 1 linux 1 logiclangs 1 performance 3 practices 2 programming 1 python 1 release 2 rust 1 scaling 2 security 1 unix 1 vcs 4 vibecoding 1 video 1 web 1 windows
2026-06-06,25,1 ai 2 ask 1 browsers 2 c 2 c++ 1 compsci 1 culture 1 databases 1 devops 1 education 1 historical 2 law 2 linux 1 logiclangs 1 performance 3 practices 3 programming 2 python 1 release 2 rust 2 security 1 unix 1 vcs 4 vibecoding 1 web 1 windows
2026-06-06,25,3 ai 1 ask 1 browsers 1 c 1 c++ 1 clojure 1 culture 2 databases 1 devops 1 education 1 historical 2 law 3 linux 1 pdf 2 performance 3 practices 1 privacy 2 programming 2 python 2 rust 5 security 4 vibecoding 1 web 1 windows
2026-06-06,25,3 ai 1 ask 1 browsers 1 clojure 1 culture 1 databases 1 education 1 historical 2 law 3 linux 1 nix 1 pdf 3 performance 1 plt 5 practices 1 privacy 2 programming 1 python 1 rust 5 security 4 vibecoding 1 web 1 windows
2026-06-07,25,2 ai 1 browsers 1 c 1 clojure 1 cryptography 1 databases 1 freebsd 2 graphics 2 law 2 linux 1 merkle-trees 1 nix 1 pdf 2 performance 1 plt 2 practices 1 privacy 1 programming 2 python 1 satire 5 security 1 vcs 5 vibecoding 1 video 1 virtualization 1 wasm 1 web 1 windows 1 zig
2026-06-07,25,2 ai 1 c 1 clojure 1 databases 1 distributed 1 education 1 freebsd 2 graphics 1 hardware 1 law 2 linux 2 nix 2 pdf 2 performance 1 plt 2 practices 1 privacy 1 programming 1 python 1 satire 3 security 1 unix 1 vcs 4 vibecoding 1 video 1 web 1 zig
2026-06-07,25,2 ai 2 c 1 clojure 1 databases 2 distributed 1 education 1 freebsd 1 graphics 1 hardware 1 law 2 linux 1 lisp 1 networking 2 nix 1 osdev 2 pdf 2 performance 1 plt 3 practices 1 privacy 1 programming 1 ruby 1 satire 1 security 1 unix 1 vcs 2 vibecoding 1 video
2026-06-07,25,2 ai 2 c 1 clojure 1 cryptography 1 databases 1 distributed 1 education 1 freebsd 1 graphics 1 hardware 3 linux 1 lisp 1 networking 2 nix 1 osdev 2 pdf 2 performance 1 plt 3 practices 1 privacy 1 programming 1 ruby 2 satire 1 security 1 unix 1 vcs 2 vibecoding 1 video
2026-06-08,25,1 ai 1 browsers 2 c 1 clojure 1 cryptography 1 databases 1 distributed 1 education 1 freebsd 1 games 1 gleam 1 hardware 4 linux 1 lisp 1 networking 2 nix 1 osdev 1 pdf 1 performance 1 plt 1 practices 1 privacy 1 programming 1 ruby 2 satire 2 security 1 unix 1 vcs 2 vibecoding 4 video
2026-06-08,25,1 ai 1 ask 1 browsers 3 c 1 cryptography 1 distributed 1 education 1 games 1 gleam 1 go 1 graphics 2 hardware 4 linux 1 lisp 1 nix 1 osdev 3 performance 2 practices 1 programming 1 satire 1 security 1 unix 1 vcs 2 vibecoding 3 video 1 web
2026-06-08,25,2 ask 1 browsers 6 c 1 clojure 1 culture 1 education 1 emacs 1 games 1 gleam 1 go 1 hardware 2 javascript 1 linux 1 osdev 2 performance 2 practices 2 programming 1 release 1 security 2 show 1 vcs 4 vibecoding 2 video 3 web 1 zig
2026-06-08,25,1 ask 1 browsers 5 c 1 clojure 1 culture 1 devops 1 education 1 emacs 1 email 1 event 1 gleam 1 go 1 ios 2 javascript 1 mac 1 meta 1 nix 1 osdev 2 performance 1 practices 2 programming 1 python 1 release 1 security 2 show 1 swift 1 systemd 1 vcs 5 vibecoding 2 video 4 web 1 zig
2026-06-09,25,1 ask 1 browsers 4 c 1 clojure 1 devops 1 education 1 emacs 1 email 1 event 1 go 1 ios 2 javascript 1 linux 1 mac 1 meta 1 ml 1 networking 1 nix 2 osdev 3 performance 2 programming 1 python 1 release 1 rust 3 security 2 show 1 swift 1 systemd 1 vcs 5 vibecoding 1 video 4 web
2026-06-09,25,1 ask 1 browsers 3 c 1 culture 1 devops 1 education 1 emacs 1 email 1 event 1 go 1 ios 2 javascript 1 linux 1 mac 1 meta 1 ml 1 networking 1 nix 2 osdev 3 performance 1 programming 1 python 1 release 1 rust 4 security 1 show 1 swift 1 systemd 1 vcs 5 vibecoding 1 video 3 web
2026-06-09,25,2 c 1 compilers 2 compsci 1 css 1 culture 1 databases 1 debugging 1 devops 1 emacs 1 event 1 historical 1 ios 3 javascript 1 linux 1 mac 1 meta 1 ml 1 networking 2 osdev 2 performance 1 python 1 rant 1 release 1 rust 4 security 1 show 1 swift 1 vcs 6 vibecoding 1 video 1 visualization 3 web
2026-06-09,25,2 c 1 compilers 1 compsci 1 css 3 culture 2 databases 1 debugging 1 devops 1 event 1 games 1 graphics 1 historical 1 ios 2 javascript 1 linux 1 mac 1 meta 1 ml 2 networking 1 osdev 2 performance 1 plt 1 programming 1 rant 2 release 1 rust 1 security 1 show 1 swift 5 vibecoding 1 video 1 visualization 1 web
2026-06-10,25,1 c 1 compilers 1 compsci 1 css 3 culture 2 databases 1 debugging 1 emacs 1 event 1 games 1 graphics 2 historical 1 ios 2 javascript 1 linux 1 mac 1 ml 2 networking 1 osdev 2 performance 1 plt 1 programming 1 rant 1 release 1 rust 2 security 1 swift 5 vibecoding 1 video 1 visualization 1 web
2026-06-10,25,1 compilers 1 compsci 1 css 3 culture 1 databases 1 debugging 1 emacs 1 event 1 games 1 graphics 1 hardware 2 historical 1 ios 1 javascript 2 linux 1 mac 1 ml 1 networking 1 osdev 1 performance 2 plt 1 rant 2 release 1 reversing 1 rust 2 security 1 swift 1 vcs 7 vibecoding 2 video 1 visualization 1 web
2026-06-10,25,1 android 1 c 1 compilers 1 css 3 culture 1 databases 1 debugging 1 emacs 1 games 1 graphics 2 historical 1 linux 1 mac 1 ml 1 openbsd 1 osdev 1 plt 1 privacy 2 release 2 rust 4 security 1 vcs 8 vibecoding 1 virtualization 1 visualization 3 web
2026-06-10,25,1 android 1 c 1 compilers 1 css 3 culture 1 debugging 1 games 1 graphics 1 hardware 1 linux 1 mac 1 ml 1 openbsd 1 plt 1 privacy 1 programming 1 rant 2 release 2 rust 5 security 8 vibecoding 1 virtualization 4 web
2026-06-11,25,1 android 1 c 1 compilers 1 culture 1 debugging 1 games 2 graphics 2 hardware 2 linux 1 mac 1 ml 1 openbsd 1 plt 1 privacy 1 programming 1 rant 1 release 2 rust 5 security 8 vibecoding 1 virtualization 4 web
2026-06-11,25,1 android 1 c 1 compilers 1 compsci 1 culture 1 debugging 1 formalmethods 1 graphics 2 hardware 1 law 2 linux 1 lisp 1 mac 1 ml 1 nix 1 openbsd 2 plt 1 privacy 1 programming 2 rust 3 security 7 vibecoding 1 virtualization 3 web
2026-06-11,25,1 android 1 browsers 1 compsci 1 culture 1 devops 1 erlang 1 formalmethods 1 gleam 1 graphics 1 hardware 1 historical 1 law 3 linux 1 lisp 1 mac 1 networking 1 openbsd 2 plt 1 privacy 1 programming 2 release 1 rust 1 scaling 3 security 6 vibecoding 1 video 1 virtualization 2 web
2026-06-11,25,1 android 1 api 1 browsers 1 compsci 1 culture 1 emacs 1 erlang 2 formalmethods 1 freebsd 1 gleam 2 graphics 2 historical 1 law 1 linux 1 mac 2 networking 1 osdev 2 plt 1 privacy 2 programming 1 release 3 rust 1 scaling 4 security 5 vibecoding 1 video 2 virtualization 1 web
2026-06-12,25,1 android 1 api 1 browsers 1 compsci 1 distributed 1 emacs 1 erlang 1 formalmethods 1 freebsd 1 gleam 2 graphics 2 historical 1 law 1 linux 2 networking 1 osdev 1 performance 3 plt 1 privacy 2 programming 1 release 2 rust 1 scaling 4 security 4 vibecoding 1 video 1 virtualization 1 web
2026-06-12,25,1 api 1 browsers 1 devops 1 distributed 1 emacs 1 formalmethods 1 freebsd 2 graphics 1 hardware 2 historical 1 law 3 linux 1 mac 3 networking 1 osdev 2 performance 2 plt 2 programming 1 release 3 rust 1 scaling 4 security 8 vibecoding 1 video 1 virtualization 1 web 1 windows
2026-06-12,25,1 api 1 ask 1 browsers 1 c 2 c++ 1 cryptography 1 devops 1 distributed 1 emacs 2 formalmethods 1 freebsd 2 graphics 1 hardware 1 historical 1 law 2 linux 1 networking 1 osdev 2 performance 1 plt 2 programming 1 release 2 rust 5 security 1 vcs 6 vibecoding 1 video 1 virtualization 1 web
2026-06-12,25,1 api 1 ask 1 c 1 c++ 1 clojure 1 cryptography 1 css 1 databases 1 devops 1 distributed 1 finance 1 graphics 1 hardware 1 law 3 linux 2 lisp 1 networking 1 nix 2 performance 1 plt 4 programming 1 release 1 rust 3 security 1 vcs 4 vibecoding 1 video 1 wasm 1 web
2026-06-13,25,1 ask 1 c 1 c++ 1 clojure 1 compilers 1 concatenative 1 css 2 databases 2 devops 1 event 1 finance 2 games 1 graphics 1 hardware 1 law 1 linux 2 lisp 1 mac 1 networking 1 nix 1 performance 4 programming 1 rust 3 security 1 swift 5 vibecoding 1 video 1 wasm 1 web 1 zig
2026-06-13,25,1 ask 2 c 1 c++ 1 clojure 1 compilers 1 concatenative 1 css 1 databases 1 devops 1 event 2 games 1 hardware 1 law 1 linux 2 lisp 1 mac 1 networking 1 nix 1 performance 5 programming 1 rust 3 security 1 swift 6 vibecoding 1 video 1 wasm 1 web 1 zig
2026-06-13,25,1 ask 2 c 1 c++ 1 clojure 1 compilers 1 concatenative 1 databases 1 devops 1 event 2 games 1 hardware 1 law 1 linux 1 lisp 2 mac 1 networking 1 nix 1 performance 5 programming 3 security 1 swift 8 vibecoding 1 video 1 virtualization 1 wasm 1 web 1 zig
2026-06-13,25,1 c 1 clojure 1 compilers 1 concatenative 1 databases 1 design 1 devops 1 distributed 1 event 2 games 2 graphics 1 hardware 1 haskell 1 linux 1 lisp 2 mac 1 math 1 networking 1 nix 1 pdf 1 performance 1 plt 1 practices 1 privacy 2 programming 1 rust 2 security 1 show 1 swift 1 vcs 9 vibecoding 1 video 1 virtualization 1 visualization 1 web 1 zig
2026-06-14,25,1 ai 1 c 1 compilers 1 cryptography 1 design 1 devops 1 emacs 1 games 2 graphics 3 hardware 1 haskell 1 law 1 mac 1 math 1 networking 1 osdev 1 practices 1 privacy 1 programming 1 python 1 ruby 2 rust 2 security 1 show 1 swift 1 vcs 9 vibecoding 1 wasm 3 web
2026-06-14,25,1 ai 1 c 1 design 1 devops 1 emacs 2 games 3 graphics 2 hardware 1 haskell 1 law 1 mac 2 math 1 networking 1 osdev 1 plt 1 practices 2 privacy 1 programming 1 python 1 retrocomputing 1 ruby 1 rust 1 show 1 swift 1 vcs 7 vibecoding 1 wasm 3 web
2026-06-14,25,1 ai 1 c 1 design 1 emacs 1 games 3 graphics 1 hardware 1 haskell 1 java 1 law 2 linux 1 math 2 osdev 1 plt 1 practices 2 privacy 1 programming 1 python 1 release 1 rust 1 security 1 show 2 vcs 6 vibecoding 1 wasm 2 web
2026-06-14,25,2 ai 1 compilers 2 databases 1 design 2 emacs 1 games 3 graphics 2 hardware 1 java 1 law 1 linux 1 logiclangs 1 math 1 osdev 1 performance 1 plt 2 privacy 1 programming 1 python 1 release 2 rust 1 show 1 vcs 5 vibecoding 1 video 1 wasm 1 web
2026-06-15,25,2 ai 1 compilers 2 databases 1 design 2 emacs 1 games 2 graphics 2 hardware 1 java 1 law 1 linux 1 logiclangs 1 math 2 osdev 1 performance 1 philosophy 1 plt 2 privacy 2 programming 1 python 1 release 3 rust 1 show 2 vcs 4 vibecoding 2 video 1 wasm 1 web
2026-06-15,25,1 ai 1 c++ 1 compilers 2 databases 1 design 1 emacs 1 games 1 graphics 1 hardware 1 historical 1 java 1 law 1 lisp 2 logiclangs 1 math 3 osdev 1 pdf 4 performance 2 plt 2 practices 2 privacy 1 programming 5 rust 1 security 1 show 1 vcs 3 vibecoding 1 video 1 web
2026-06-15,25,1 ai 1 ask 2 browsers 1 c++ 1 compilers 1 culture 2 databases 1 devops 1 emacs 1 games 1 historical 1 law 1 lisp 2 logiclangs 2 osdev 1 pdf 3 performance 1 person 3 plt 2 practices 2 programming 1 python 4 rust 1 security 3 vibecoding 1 video 1 web
2026-06-15,25,1 ask 1 browsers 1 c 1 c++ 1 culture 1 databases 1 devops 1 distributed 1 editors 2 emacs 1 freebsd 1 games 1 historical 1 linux 1 lisp 2 logiclangs 2 osdev 1 pdf 2 performance 1 person 3 plt 2 practices 3 programming 1 python 1 release 3 rust 1 security 1 show 1 vibecoding 1 web
2026-06-16,25,1 ask 1 book 1 c 1 c++ 1 culture 1 databases 1 devops 1 distributed 1 editors 2 emacs 1 freebsd 1 graphics 1 hardware 1 linux 1 lisp 1 logiclangs 1 mac 1 networking 2 osdev 2 performance 1 person 2 plt 2 practices 3 programming 1 python 1 release 3 rust 2 security 1 show 1 swift 1 vibecoding 1 web 1 zig
2026-06-16,25,1 apl 1 book 1 c 1 culture 2 devops 2 distributed 1 editors 1 emacs 1 freebsd 1 games 1 graphics 2 hardware 1 historical 1 linux 1 logiclangs 1 mac 1 math 1 networking 1 osdev 2 person 2 plt 2 practices 1 programming 1 python 1 release 1 reversing 1 rust 2 security 1 show 1 swift 3 vibecoding 1 web 1 windows 1 zig
2026-06-16,25,1 android 1 assembly 1 book 2 c 1 design 2 devops 2 distributed 1 freebsd 1 games 1 graphics 2 hardware 1 historical 1 interview 2 linux 1 mac 1 math 1 networking 2 person 1 plt 1 practices 1 python 2 release 1 reversing 3 rust 3 security 1 swift 2 vibecoding 1 web 1 windows
2026-06-16,25,1 assembly 2 browsers 1 c 1 culture 1 design 1 devops 2 distributed 1 freebsd 1 games 2 hardware 1 historical 1 interview 2 linux 1 mac 1 math 2 person 1 practices 4 release 1 reversing 4 rust 4 security 1 swift 4 vibecoding 1 windows
2026-06-17,25,1 assembly 3 browsers 1 c 1 culture 1 design 1 devops 2 distributed 1 freebsd 1 games 1 graphics 1 hardware 1 historical 1 interview 2 linux 1 mac 1 math 1 networking 1 person 1 practices 1 programming 4 release 1 reversing 4 rust 2 security 1 swift 1 unix 3 vibecoding 1 windows
2026-06-17,25,1 ai 1 android 3 browsers 1 c 1 design 1 devops 1 distributed 1 freebsd 2 games 1 hardware 1 historical 1 interview 2 linux 1 math 2 networking 1 openbsd 1 person 2 programming 3 release 1 reversing 4 rust 4 security 3 vibecoding 1 virtualization 1 windows 1 zig
2026-06-17,25,1 ai 1 android 4 browsers 1 c 1 design 1 games 1 graphics 1 hardware 1 haskell 1 historical 1 interview 2 linux 2 networking 1 openbsd 1 person 1 privacy 3 programming 3 release 1 reversing 3 rust 1 satire 1 science 4 security 3 vibecoding 1 virtualization 1 windows 1 zig
2026-06-17,25,1 ai 1 android 4 browsers 1 compilers 1 design 1 games 1 graphics 1 haskell 2 linux 1 networking 1 openbsd 1 person 1 privacy 5 programming 4 release 2 rust 1 satire 1 science 4 security 1 vcs 5 vibecoding 1 video 1 virtualization 1 visualization
2026-06-18,25,1 ai 4 browsers 1 compilers 1 design 1 games 2 graphics 1 haskell 2 linux 1 networking 1 openbsd 1 person 1 privacy 5 programming 5 release 2 rust 1 science 3 security 1 vcs 7 vibecoding 1 video 1 vim 1 virtualization 1 visualization 1 vscode
2026-06-18,25,1 ai 3 browsers 2 compilers 1 design 1 emacs 1 graphics 1 haskell 6 linux 1 person 1 practices 1 privacy 4 programming 4 release 1 rust 1 science 2 security 1 vcs 5 vibecoding 1 video 1 vim 1 visualization 1 vscode 1 wasm
2026-06-18,25,2 browsers 1 compilers 1 design 1 emacs 1 gleam 1 graphics 1 hardware 1 haskell 5 linux 1 nix 1 person 1 practices 1 privacy 2 programming 5 release 1 rust 3 security 1 vcs 4 vibecoding 1 video 1 visualization 1 wasm 2 web
2026-06-18,25,1 ai 1 ask 2 browsers 1 clojure 1 compilers 1 culture 1 emacs 1 graphics 1 hardware 1 haskell 1 ios 4 linux 1 nix 1 person 1 practices 3 programming 1 rant 5 release 1 reversing 1 rust 4 security 1 vcs 3 vibecoding 1 video 1 wasm 1 web
2026-06-19,25,1 ai 1 ask 2 browsers 1 clojure 1 compilers 1 culture 1 design 1 emacs 1 graphics 1 hardware 1 haskell 2 linux 1 nix 1 osdev 1 person 2 practices 4 programming 1 rant 4 release 1 rust 5 security 2 vcs 2 vibecoding 1 video 1 wasm 1 web
2026-06-19,25,1 ai 1 ask 2 browsers 1 clojure 1 compilers 2 design 1 emacs 1 graphics 1 hardware 1 haskell 2 historical 1 ios 2 linux 1 nix 2 osdev 2 person 1 plt 2 practices 2 programming 1 rant 4 release 1 reversing 1 rust 5 security 2 vcs 1 vibecoding 1 wasm 1 web
2026-06-19,25,1 ai 1 ask 1 browsers 1 clojure 1 compilers 2 design 1 emacs 1 games 1 graphics 1 hardware 1 haskell 2 historical 2 linux 1 nix 2 osdev 1 person 1 plt 2 practices 3 programming 1 rant 3 release 1 ruby 2 rust 3 security 2 vcs 3 vibecoding 1 wasm 2 web
2026-06-19,25,1 ai 1 art 2 ask 1 browsers 1 compilers 1 culture 1 databases 3 design 1 finance 1 games 2 graphics 2 historical 1 java 1 linux 1 nix 2 osdev 2 performance 1 person 1 plt 3 practices 3 programming 1 rant 1 release 1 ruby 1 rust 2 security 2 vcs 2 vibecoding 1 visualization 1 wasm 2 web
2026-06-20,25,1 ai 1 art 2 ask 1 browsers 1 compilers 1 culture 3 design 1 finance 2 games 2 graphics 2 historical 1 java 1 linux 1 nix 1 osdev 1 pdf 1 performance 1 person 1 plt 3 practices 2 programming 1 rant 3 release 1 ruby 1 rust 1 security 2 vcs 2 vibecoding 1 visualization 1 wasm 2 web
2026-06-20,25,1 ai 1 art 2 ask 1 browsers 1 culture 3 design 1 devops 1 finance 2 games 1 graphics 1 historical 1 java 1 linux 1 nix 1 osdev 1 pdf 1 performance 3 practices 2 programming 1 rant 3 release 1 ruby 2 rust 1 security 1 unix 1 vcs 2 vibecoding 1 visualization 2 web
2026-06-20,25,3 ai 1 art 2 ask 1 browsers 1 culture 1 design 1 devops 1 finance 2 games 1 java 1 law 1 linux 2 math 1 nix 2 performance 1 practices 2 programming 4 release 1 reversing 2 rust 1 security 1 unix 1 vcs 2 vibecoding 1 visualization 3 web
2026-06-20,25,2 ai 1 ask 1 compilers 1 devops 1 emacs 2 games 1 go 1 java 1 law 3 linux 2 math 1 ml 1 nix 2 performance 1 practices 1 programming 5 release 1 reversing 1 rust 1 security 1 unix 1 vcs 4 vibecoding 4 web
2026-06-21,25,1 ai 1 ask 1 compilers 1 culture 1 devops 1 emacs 2 games 1 go 1 graphics 2 law 2 linux 2 math 1 ml 1 nix 2 performance 1 practices 1 programming 6 release 1 reversing 1 rust 1 unix 1 vcs 3 vibecoding 1 video 4 web
2026-06-21,25,1 art 1 c++ 1 compilers 1 culture 1 design 1 devops 1 emacs 1 games 1 go 1 graphics 2 law 3 linux 1 lisp 2 math 1 ml 1 networking 1 nix 2 performance 1 practices 1 programming 4 release 1 rust 1 security 1 unix 3 vibecoding 1 video 4 web 1 windows
2026-06-21,25,1 art 1 c++ 1 compilers 1 culture 1 design 1 devops 1 emacs 1 games 1 go 1 graphics 2 law 2 linux 1 lisp 2 math 1 ml 2 networking 1 nix 1 osdev 2 performance 1 practices 1 programming 3 release 2 security 1 swift 4 vibecoding 1 video 4 web 1 windows
2026-06-21,25,1 c++ 1 compilers 1 distributed 1 emacs 1 games 1 go 1 graphics 1 law 3 linux 1 lisp 1 math 1 ml 1 mobile 2 networking 1 nix 1 osdev 2 performance 1 practices 3 programming 4 release 1 retrocomputing 2 security 1 swift 3 vibecoding 1 video 4 web 1 windows
2026-06-22,25,1 ask 1 c++ 1 compilers 1 emacs 1 graphics 1 ios 1 law 2 linux 1 lisp 1 math 1 ml 1 mobile 1 networking 1 nix 1 osdev 3 performance 1 practices 1 privacy 4 programming 3 release 1 retrocomputing 1 rust 1 security 1 swift 6 vibecoding 1 video 3 web 1 windows
2026-06-22,25,1 ask 2 assembly 1 c 2 c++ 2 compilers 1 emacs 1 ios 1 javascript 1 law 2 linux 1 lisp 1 ml 1 mobile 1 nix 1 osdev 2 performance 1 practices 1 privacy 5 programming 2 release 1 retrocomputing 1 rust 1 swift 7 vibecoding 3 web 1 windows
2026-06-22,25,1 ai 2 ask 1 assembly 1 browsers 1 c 1 c++ 1 compilers 1 databases 1 emacs 1 games 1 graphics 1 hardware 1 historical 2 javascript 3 linux 1 mobile 2 nix 2 osdev 1 performance 1 practices 4 programming 2 release 2 retrocomputing 1 swift 4 vibecoding 4 web
2026-06-22,25,1 ai 2 ask 1 assembly 1 browsers 1 c 1 c++ 1 compilers 1 databases 1 games 1 graphics 1 hardware 1 historical 2 javascript 4 linux 1 lisp 1 mobile 1 networking 3 nix 1 osdev 1 plt 1 practices 5 programming 2 release 1 retrocomputing 4 vibecoding 3 web 1 zig
2026-06-23,25,1 art 2 ask 1 browsers 1 databases 1 email 1 games 1 graphics 1 hardware 2 historical 2 javascript 4 linux 1 lisp 1 mobile 1 networking 3 nix 1 osdev 1 plt 1 practices 2 programming 2 release 1 retrocomputing 2 vibecoding 4 web 1 zig
2026-06-23,25,1 ai 1 art 1 ask 1 browsers 1 databases 1 email 2 games 1 hardware 3 historical 2 javascript 3 linux 1 lisp 2 mac 1 networking 2 nix 1 osdev 1 perl 1 plt 1 practices 2 programming 1 python 1 release 1 retrocomputing 4 web 1 zig
2026-06-23,25,1 ai 1 art 1 c++ 1 databases 2 games 1 hardware 4 historical 2 javascript 2 linux 2 lisp 2 mac 1 networking 2 nix 1 osdev 1 perl 3 plt 1 practices 2 programming 1 python 3 web 1 zig
2026-06-23,25,1 art 1 audio 1 browsers 1 c++ 1 cryptography 1 emacs 2 games 1 hardware 4 historical 1 javascript 2 linux 3 lisp 2 mac 2 nix 1 perl 2 plt 1 practices 1 privacy 2 programming 1 security 1 wasm 4 web 1 zig
2026-06-24,25,1 art 1 audio 1 browsers 1 c++ 1 cryptography 1 debugging 1 emacs 2 games 1 hardware 4 historical 2 linux 3 lisp 2 mac 1 nix 1 osdev 1 perl 2 plt 1 practices 1 privacy 1 programming 1 security 1 wasm 4 web 1 zig
2026-06-24,25,1 audio 1 browsers 1 c++ 1 cryptography 1 debugging 1 emacs 2 games 1 hardware 3 historical 2 linux 2 lisp 1 nix 2 osdev 1 perl 1 plt 2 practices 1 privacy 1 programming 2 rust 2 security 2 vibecoding 1 wasm 4 web 1 zig
2026-06-24,25,1 browsers 1 c++ 1 cryptography 1 debugging 1 games 1 graphics 1 hardware 2 historical 2 linux 2 lisp 1 math 1 osdev 1 plt 3 practices 1 privacy 2 programming 1 retrocomputing 2 rust 2 security 1 swift 1 testing 3 vibecoding 1 video 1 wasm 2 web 1 zig
2026-06-24,25,1 ai 1 art 2 browsers 1 cryptography 1 culture 1 debugging 1 distributed 1 event 1 graphics 3 historical 2 javascript 1 linux 1 networking 2 osdev 1 plt 5 practices 3 programming 1 release 1 retrocomputing 1 ruby 3 rust 1 scaling 2 security 5 vibecoding 3 web
2026-06-25,25,1 a11y 1 ai 1 art 1 browsers 1 cryptography 1 databases 1 debugging 1 distributed 1 event 2 graphics 3 historical 1 javascript 1 linux 1 lisp 2 networking 1 osdev 1 person 6 practices 3 programming 1 release 1 retrocomputing 2 ruby 1 rust 2 scaling 2 security 3 vibecoding 4 web
2026-06-25,25,1 a11y 1 art 1 browsers 1 cryptography 1 databases 1 event 2 graphics 1 hardware 3 historical 2 javascript 1 linux 1 lisp 1 networking 1 osdev 1 person 6 practices 1 programming 2 python 1 release 1 retrocomputing 2 ruby 1 rust 1 scaling 2 security 4 vibecoding 4 web
2026-06-25,25,1 a11y 1 art 1 assembly 1 browsers 1 cryptography 1 databases 2 graphics 1 hardware 3 historical 2 javascript 1 linux 1 lisp 1 networking 1 osdev 1 person 5 practices 1 programming 2 python 1 release 1 retrocomputing 1 ruby 2 rust 1 scaling 2 security 3 vibecoding 3 web 1 zig
2026-06-25,25,1 a11y 1 art 1 css 3 databases 1 emacs 2 graphics 2 hardware 2 historical 1 javascript 1 linux 1 lisp 1 networking 1 osdev 1 person 4 practices 1 programming 1 python 3 retrocomputing 1 ruby 1 rust 1 scaling 1 security 3 vibecoding 2 video 2 web 1 zig
2026-06-26,25,1 a11y 1 ai 1 art 1 c++ 1 css 4 databases 1 emacs 2 hardware 1 historical 1 javascript 1 linux 1 lisp 1 networking 1 nix 1 osdev 2 person 3 practices 1 programming 1 retrocomputing 1 ruby 1 rust 1 scaling 2 security 3 vibecoding 1 video 1 zig
2026-06-26,25,1 a11y 1 ai 1 apl 1 art 1 c 1 c++ 1 css 3 databases 1 emacs 1 graphics 5 hardware 1 ios 1 linux 1 lisp 1 nix 1 osdev 2 person 2 practices 1 programming 1 release 1 retrocomputing 1 reversing 1 rust 1 security 3 vibecoding 2 video 2 zig
2026-06-26,25,1 a11y 2 ai 1 ask 1 c 1 c++ 1 css 4 databases 1 design 1 emacs 1 graphics 5 hardware 1 ios 1 linux 1 lisp 1 nix 1 performance 2 person 2 programming 1 retrocomputing 1 reversing 1 rust 1 science 2 security 4 vibecoding 2 zig
2026-06-26,25,1 ai 1 ask 1 c 1 css 4 databases 1 design 1 devops 1 emacs 1 graphics 5 hardware 1 ios 2 nix 1 performance 2 person 2 programming 2 retrocomputing 1 satire 1 science 3 security 1 swift 5 vibecoding 2 zig
2026-06-27,25,1 a11y 1 ai 1 art 1 ask 1 c 1 compilers 1 css 3 databases 1 design 1 devops 1 graphics 3 hardware 1 logiclangs 1 math 2 nix 1 performance 1 person 1 plt 2 programming 2 retrocomputing 1 satire 1 science 2 security 1 swift 6 vibecoding 2 web 1 windows 1 zig
2026-06-27,25,1 a11y 1 ai 1 ask 1 c 2 compilers 1 css 2 databases 1 design 1 devops 1 graphics 1 hardware 1 logiclangs 2 math 2 nix 1 performance 1 person 1 plt 1 practices 4 programming 2 retrocomputing 1 satire 2 security 1 swift 8 vibecoding 2 web 1 windows 1 zig
2026-06-27,25,1 a11y 2 ai 1 ask 1 c 1 compilers 1 compsci 2 databases 1 design 1 devops 1 go 1 hardware 1 logiclangs 2 math 2 nix 3 performance 1 philosophy 2 practices 3 programming 1 retrocomputing 1 satire 2 security 1 show 7 vibecoding 1 video 3 web 1 windows
2026-06-27,25,1 a11y 4 ai 1 ask 2 c 1 c++ 1 compilers 1 compsci 1 databases 1 elixir 2 go 2 linux 1 math 2 nix 1 osdev 1 pdf 4 performance 1 philosophy 1 practices 1 privacy 3 programming 1 retrocomputing 1 satire 3 security 1 show 4 vibecoding 2 video 2 web 1 windows
2026-06-28,25,1 a11y 4 ai 2 c 1 c++ 1 compsci 1 databases 1 distributed 1 elixir 2 go 1 hardware 3 linux 1 math 1 ml 1 networking 1 osdev 1 pdf 4 performance 1 philosophy 1 plt 1 practices 1 privacy 1 programming 2 retrocomputing 4 security 1 show 2 vibecoding 2 video 3 web 1 windows
2026-06-28,25,3 ai 2 c 1 c++ 1 clojure 1 compsci 1 databases 1 elixir 1 emacs 1 event 2 go 2 hardware 3 linux 1 math 1 ml 1 openbsd 1 osdev 4 performance 1 philosophy 1 plt 1 practices 1 privacy 1 programming 3 retrocomputing 3 security 1 show 2 vibecoding 2 video 1 web 1 windows
2026-06-28,25,3 ai 2 c 1 c++ 1 compsci 2 databases 1 elixir 1 emacs 1 event 2 go 2 hardware 1 law 4 linux 1 mac 1 ml 1 openbsd 1 osdev 4 performance 1 philosophy 1 plt 1 practices 1 privacy 1 programming 2 retrocomputing 2 security 1 show 1 vibecoding 2 video 1 web
2026-06-28,25,1 a11y 1 ai 1 c 1 c++ 1 databases 1 elixir 1 emacs 1 event 1 go 3 hardware 1 ios 3 linux 1 mac 1 ml 1 networking 1 openbsd 1 pdf 2 performance 2 plt 1 privacy 1 rant 3 retrocomputing 2 security 1 unix 4 vibecoding
2026-06-29,25,1 a11y 1 ai 2 apl 2 c 1 c++ 1 databases 1 debugging 1 elixir 3 hardware 1 historical 1 linux 1 mac 1 ml 1 networking 1 openbsd 2 pdf 1 performance 3 plt 2 privacy 1 rant 2 retrocomputing 1 rust 2 security 1 testing 1 unix 2 vibecoding 1 windows 1 zig
2026-06-29,25,1 a11y 1 c 1 c++ 1 compilers 1 compsci 1 culture 1 databases 1 debugging 1 emacs 3 hardware 1 historical 1 mac 1 ml 1 openbsd 2 pdf 1 performance 4 plt 2 privacy 1 python 1 rant 1 release 2 retrocomputing 1 rust 1 security 1 testing 1 unix 2 vibecoding 1 web 2 windows
2026-06-29,25,1 a11y 1 ask 1 compilers 1 compsci 1 cryptography 1 culture 1 databases 1 emacs 1 gleam 1 graphics 2 hardware 1 historical 1 linux 1 mac 2 pdf 1 performance 3 plt 2 privacy 1 programming 1 python 1 release 1 retrocomputing 1 rust 3 security 1 testing 1 unix 1 vibecoding 2 video 1 web 1 windows
2026-06-29,25,1 a11y 1 ask 1 c++ 1 compilers 1 compsci 2 cryptography 1 databases 1 devops 1 emacs 1 formalmethods 1 go 1 hardware 1 haskell 1 historical 1 lisp 1 mac 1 pdf 1 performance 5 plt 1 privacy 1 programming 1 python 2 release 1 rust 3 security 1 video 1 wasm 2 web 1 windows
2026-06-30,25,1 a11y 1 ask 1 compilers 1 compsci 1 databases 2 devops 1 emacs 1 formalmethods 1 go 1 hardware 1 haskell 1 historical 2 linux 1 lisp 1 mac 1 performance 4 plt 2 privacy 1 programming 1 python 2 release 1 rust 3 security 1 vcs 1 video 1 wasm 3 web 1 windows
2026-06-30,25,1 a11y 1 ask 1 c 1 compilers 1 compsci 1 databases 2 devops 1 emacs 2 graphics 1 hardware 1 haskell 3 linux 1 lisp 1 performance 3 plt 2 privacy 1 programming 1 release 1 rust 3 security 1 unix 1 vcs 1 video 1 wasm 3 web 1 windows
2026-06-30,25,1 browsers 1 c 1 compsci 2 databases 1 devops 1 emacs 1 formalmethods 3 graphics 1 hardware 2 haskell 2 linux 1 lisp 2 math 1 ml 1 performance 3 plt 2 privacy 1 programming 1 release 2 rust 2 unix 2 vcs 1 vibecoding 1 video 1 wasm 1 web 1 windows
2026-06-30,25,1 ai 1 art 2 browsers 1 c 1 debugging 1 devops 1 emacs 3 graphics 2 hardware 1 haskell 1 javascript 2 linux 1 math 1 ml 1 nodejs 1 performance 1 plt 1 privacy 1 programming 1 rant 1 release 3 rust 1 security 2 unix 2 vcs 3 vibecoding 1 wasm 1 web
2026-07-01,25,1 ai 1 art 2 browsers 1 c 1 debugging 1 emacs 1 graphics 2 hardware 1 javascript 1 linux 1 ml 1 nodejs 1 performance 1 plt 3 privacy 1 rant 1 release 4 rust 2 security 2 unix 2 vcs 6 vibecoding
2026-07-01,25,1 api 1 art 1 browsers 1 debugging 1 emacs 1 graphics 1 hardware 1 javascript 1 linux 1 ml 1 nodejs 1 plt 4 privacy 1 programming 1 rant 1 release 5 rust 2 security 2 vcs 5 vibecoding 1 web
2026-07-01,25,1 ai 1 art 1 ask 1 browsers 1 debugging 1 emacs 1 hardware 1 haskell 1 historical 1 javascript 1 job 1 networking 1 plt 1 practices 4 privacy 1 rant 1 release 1 ruby 3 rust 3 security 3 vcs 4 vibecoding 2 web
2026-07-01,25,1 ask 1 browsers 1 c 1 debugging 1 emacs 2 hardware 1 haskell 1 historical 1 javascript 1 job 1 law 1 linux 1 math 1 networking 1 plt 1 practices 3 privacy 1 programming 2 release 1 ruby 1 rust 2 security 3 vcs 3 vibecoding 1 video 2 web 1 zig
2026-07-02,25,1 ask 1 browsers 1 c 2 hardware 1 haskell 1 historical 1 java 1 job 1 law 2 linux 1 math 1 networking 1 practices 3 privacy 1 programming 2 release 1 ruby 1 rust 4 security 1 testing 2 vcs 3 vibecoding 1 video 2 web 1 zig
2026-07-02,25,1 ai 1 ask 1 c 1 compsci 1 games 2 hardware 1 historical 1 java 1 javascript 1 job 1 law 3 linux 1 math 1 networking 1 performance 2 practices 2 privacy 2 programming 1 release 1 rust 5 security 1 show 1 testing 2 vcs 5 vibecoding 1 video 2 virtualization 1 vscode 1 wasm 3 web 1 zig
2026-07-02,25,1 ask 1 c 1 compsci 1 design 1 editors 1 games 1 hardware 1 historical 1 java 2 javascript 1 job 1 law 4 linux 1 math 1 networking 2 practices 1 privacy 1 rant 2 release 5 security 1 show 1 testing 2 vcs 3 vibecoding 2 virtualization 1 wasm 4 web 1 zig
2026-07-02,25,1 ask 1 compsci 1 databases 1 design 1 editors 1 games 1 hardware 1 historical 2 javascript 1 job 1 law 6 linux 1 networking 1 philosophy 1 practices 2 privacy 1 programming 1 rant 3 release 4 security 1 show 3 vcs 2 virtualization 1 wasm 4 web 1 zig
2026-07-03,25,1 ai 1 ask 1 c 1 compsci 1 databases 1 design 1 editors 1 games 1 historical 2 javascript 1 law 4 linux 1 mac 1 math 1 performance 1 philosophy 2 practices 2 privacy 1 programming 1 rant 4 release 1 ruby 1 rust 3 security 1 show 1 testing 2 vcs 3 vibecoding 2 virtualization 1 wasm 3 web
2026-07-03,25,1 art 1 ask 1 compsci 1 css 1 databases 1 debugging 1 design 1 devops 1 editors 2 games 1 hardware 2 javascript 1 law 4 linux 1 networking 1 nix 1 performance 1 philosophy 1 practices 1 privacy 1 programming 1 rant 2 release 1 rust 2 security 1 show 1 testing 2 vcs 3 vibecoding 1 virtualization 1 wasm 3 web
2026-07-03,25,1 ai 1 announce 1 api 1 art 2 ask 1 compilers 2 cryptography 2 css 1 design 2 devops 1 distributed 1 editors 1 finance 1 go 1 hardware 1 java 1 linux 1 math 1 networking 1 nix 1 performance 1 philosophy 2 practices 1 privacy 3 programming 2 release 1 reversing 2 rust 2 security 1 show 1 testing 2 vcs 3 vibecoding 3 web
2026-07-04,25,1 announce 1 art 1 ask 1 compilers 2 cryptography 2 css 1 design 2 devops 2 distributed 1 emacs 1 finance 1 go 2 hardware 1 java 1 math 1 networking 1 nix 1 person 2 practices 2 programming 2 release 1 reversing 3 rust 2 security 2 vcs 2 vibecoding 1 web
2026-07-04,25,1 announce 1 ask 1 compilers 1 compsci 2 cryptography 1 css 1 design 2 devops 1 distributed 1 education 1 emacs 1 finance 1 games 1 go 1 hardware 1 java 1 math 1 nix 1 person 4 practices 2 programming 1 release 1 reversing 3 rust 2 security 1 vcs 4 vibecoding 1 web
2026-07-04,25,1 android 1 announce 1 ask 1 compsci 2 cryptography 1 culture 1 databases 2 devops 1 distributed 1 education 1 emacs 1 freebsd 1 games 1 hardware 1 job 1 osdev 1 person 1 philosophy 1 plt 3 practices 1 programming 1 release 1 reversing 2 rust 2 security 1 vcs 3 vibecoding 1 video 1 web
2026-07-05,25,1 android 1 announce 1 art 1 compsci 2 culture 1 devops 1 distributed 1 education 2 emacs 1 freebsd 3 hardware 2 job 2 linux 1 osdev 1 pdf 1 person 1 philosophy 1 plt 1 practices 1 rant 3 release 1 retrocomputing 1 security 1 vcs 2 vibecoding 1 video 1 visualization 1 web 1 zig
2026-07-05,25,1 announce 1 art 1 culture 1 design 1 devops 1 education 2 emacs 1 freebsd 1 hardware 2 job 3 linux 1 lisp 1 osdev 1 pdf 1 philosophy 1 plt 1 practices 2 programming 1 rant 3 release 1 retrocomputing 1 reversing 1 security 1 vcs 2 vibecoding 1 video 1 visualization 1 wasm 1 web 2 zig
2026-07-06,25,1 announce 1 ask 1 databases 2 design 1 distributed 1 fortran 1 graphics 2 hardware 1 job 1 linux 1 mac 1 math 1 networking 1 philosophy 1 plt 2 practices 4 programming 1 rant 1 release 3 retrocomputing 2 rust 2 security 1 unix 1 vcs 1 vibecoding 2 video 1 virtualization 1 visualization 1 windows 2 zig
2026-07-06,25,1 announce 1 ask 1 browsers 1 databases 1 design 2 distributed 1 elm 1 games 1 graphics 1 hardware 2 linux 1 mac 1 math 2 networking 1 performance 1 philosophy 2 practices 1 privacy 5 programming 3 release 1 retrocomputing 4 rust 2 security 2 show 1 unix 2 vibecoding 2 video 1 virtualization 1 visualization 1 web 1 windows 2 zig
2026-07-06,25,1 ask 1 browsers 2 compsci 2 databases 1 design 2 distributed 1 elm 1 fortran 1 games 1 graphics 1 java 2 linux 1 math 2 networking 1 pdf 1 performance 1 philosophy 1 plt 2 practices 1 privacy 4 programming 3 release 4 rust 2 security 2 show 1 vibecoding 1 video 1 virtualization 1 web 1 windows 2 zig
2026-07-07,25,1 ask 1 browsers 1 compsci 1 cryptography 2 databases 1 design 2 distributed 1 elm 1 games 1 graphics 1 hardware 1 historical 1 java 3 linux 2 networking 1 pdf 1 performance 1 philosophy 2 practices 1 privacy 4 programming 3 release 1 reversing 3 rust 4 security 2 show 2 vibecoding 1 video 1 web 1 windows 1 zig
2026-07-07,25,1 browsers 1 cryptography 2 databases 1 design 1 distributed 1 elm 1 formalmethods 2 games 1 go 1 graphics 1 hardware 1 historical 1 ios 1 java 3 linux 1 networking 1 performance 1 philosophy 1 plt 1 practices 1 privacy 2 programming 4 release 2 reversing 4 rust 4 security 2 show 1 vcs 2 vibecoding 2 video 1 web 1 windows 1 zig
2026-07-07,25,1 css 2 databases 1 design 1 distributed 1 elm 2 games 2 go 2 graphics 1 haskell 1 java 3 linux 2 networking 3 performance 1 philosophy 2 plt 2 programming 2 release 2 rust 2 security 1 vcs 3 vibecoding 1 video 1 web 1 windows 1 zig
2026-07-07,25,1 css 1 culture 1 databases 1 distributed 1 elm 2 games 3 go 1 graphics 1 haskell 2 ios 1 java 1 mobile 3 performance 1 philosophy 3 plt 1 programming 1 python 2 release 1 rust 1 security 1 vcs 3 vibecoding 1 video 2 web 2 windows
2026-07-08,25,1 culture 1 databases 1 distributed 1 elm 2 games 2 go 1 graphics 1 haskell 2 ios 1 mobile 2 openbsd 2 pdf 2 performance 3 plt 2 programming 1 python 2 release 2 rust 4 security 1 vcs 3 vibecoding 1 video 2 web 1 windows
2026-07-08,25,1 ai 1 games 1 graphics 1 haskell 2 ios 1 law 1 math 1 mobile 1 networking 3 openbsd 3 pdf 1 performance 3 plt 1 practices 3 programming 1 python 1 release 2 rust 4 security 1 vcs 2 vibecoding 1 video 1 web 1 windows
2026-07-08,25,1 a11y 1 ai 1 games 1 graphics 2 haskell 2 ios 1 law 1 mobile 1 networking 3 openbsd 2 pdf 1 performance 3 plt 1 practices 3 programming 1 python 2 rust 4 security 2 vibecoding 1 video 1 visualization 1 web 1 windows
2026-07-08,25,2 a11y 1 ai 1 c 1 compsci 1 finance 2 games 1 ios 2 javascript 1 mobile 2 openbsd 1 pdf 1 performance 3 plt 5 programming 1 python 1 release 1 reversing 2 rust 4 security 1 unix 2 vibecoding 1 video 1 visualization 1 wasm 3 web 1 zig
2026-07-09,25,2 a11y 1 ai 1 c 1 compsci 1 finance 1 games 2 javascript 1 linux 1 openbsd 3 plt 4 programming 1 python 2 release 1 retrocomputing 1 reversing 2 rust 3 security 1 unix 3 vibecoding 1 video 1 visualization 2 wasm 3 web 2 zig
2026-07-09,25,1 a11y 2 art 1 audio 1 c 1 compsci 1 concatenative 1 css 1 databases 1 finance 2 games 2 javascript 1 linux 1 performance 1 person 3 plt 1 privacy 5 programming 2 release 2 reversing 1 rust 1 unix 4 vibecoding 1 visualization 2 wasm 2 web 2 zig
2026-07-09,25,1 a11y 1 ai 1 art 1 compsci 1 concatenative 1 css 1 databases 1 devops 1 elm 1 finance 1 games 1 graphics 1 interview 1 javascript 2 linux 1 logiclangs 1 performance 2 person 1 philosophy 1 plt 1 privacy 3 programming 3 release 2 reversing 2 rust 1 unix 3 vibecoding 1 wasm 2 web 1 windows 1 zig
2026-07-10,25,1 a11y 1 ai 1 android 1 art 1 compsci 1 concatenative 1 devops 1 elm 1 finance 1 graphics 1 hardware 1 interview 1 javascript 1 linux 1 lisp 1 logiclangs 1 mobile 1 osdev 1 performance 2 person 1 philosophy 1 plt 1 privacy 2 programming 3 release 1 reversing 2 rust 1 unix 4 vibecoding 1 vim 1 wasm 2 web 1 windows 1 zig
2026-07-10,25,1 a11y 1 ai 1 apl 1 art 1 c++ 3 compsci 1 concatenative 1 devops 1 elm 1 finance 1 graphics 1 hardware 1 interview 1 javascript 1 lisp 1 logiclangs 1 performance 2 person 1 philosophy 1 plt 1 privacy 1 programming 3 release 1 reversing 3 rust 1 unix 4 vibecoding 1 vim 2 web 1 windows 1 zig
2026-07-10,25,1 ai 1 apl 1 art 1 ask 1 c++ 3 compsci 1 concatenative 1 devops 1 elm 1 graphics 1 hardware 1 interview 1 javascript 1 lisp 1 logiclangs 1 performance 2 person 1 philosophy 1 plt 1 practices 1 privacy 2 programming 3 release 1 reversing 3 rust 1 unix 4 vibecoding 1 vim 2 web 1 windows 1 zig
2026-07-10,25,1 apl 1 art 1 ask 1 c 1 c++ 3 compsci 1 editors 1 hardware 1 haskell 1 interview 2 javascript 1 linux 1 lisp 1 nix 1 pdf 3 performance 2 person 1 philosophy 1 plt 1 practices 1 programming 1 python 3 release 3 rust 1 testing 4 vibecoding 1 vim 2 web 1 windows 1 zig
2026-07-11,25,1 apl 1 art 1 ask 1 c 1 c++ 2 compsci 1 databases 1 devops 1 editors 1 go 1 hardware 1 haskell 1 interview 1 javascript 1 linux 1 lisp 1 nix 1 pdf 3 performance 1 person 1 philosophy 1 plt 1 practices 2 programming 1 python 2 release 3 rust 1 satire 1 security 1 testing 3 vibecoding 1 wasm 3 web 1 windows 1 zig
2026-07-11,25,1 art 1 ask 1 c 1 c++ 1 compsci 1 databases 1 devops 1 editors 1 go 1 hardware 1 haskell 1 interview 1 javascript 1 linux 1 lisp 1 mobile 1 netbsd 1 nix 1 pdf 3 performance 1 person 1 philosophy 1 plt 1 practices 2 programming 1 python 2 release 1 retrocomputing 2 rust 1 satire 1 security 1 testing 2 vibecoding 1 wasm 4 web 1 windows
2026-07-11,25,1 ai 1 art 1 ask 1 c 1 c++ 1 culture 1 databases 1 devops 1 editors 1 go 1 haskell 1 interview 1 javascript 1 linux 1 lisp 1 mobile 1 netbsd 1 nix 1 pdf 3 performance 1 person 1 practices 1 privacy 2 programming 1 python 2 release 1 retrocomputing 2 rust 2 satire 1 security 1 testing 3 vibecoding 1 wasm 5 web 1 windows
2026-07-11,25,1 ai 1 art 1 ask 1 c 1 c++ 1 culture 1 databases 1 devops 2 editors 1 go 1 haskell 1 interview 1 javascript 1 linux 1 lisp 1 mobile 1 netbsd 1 pdf 1 performance 1 person 2 practices 1 privacy 3 programming 1 python 2 release 1 retrocomputing 2 rust 2 satire 1 security 1 testing 3 vibecoding 1 vim 1 wasm 4 web 1 windows
2026-07-12,25,2 ai 1 ask 2 c 1 c++ 1 culture 1 databases 1 design 1 editors 1 go 1 hardware 1 haskell 1 interview 1 javascript 1 linux 1 mobile 1 netbsd 2 performance 1 person 1 practices 1 privacy 3 programming 1 python 1 release 2 retrocomputing 1 satire 1 security 1 testing 1 unix 1 vcs 3 vibecoding 1 video 1 vim 1 wasm 4 web 1 windows 1 zig
2026-07-12,25,3 ai 1 c 1 c++ 1 culture 1 databases 2 design 1 editors 1 hardware 1 javascript 2 linux 1 lisp 1 mobile 1 netbsd 1 performance 2 practices 1 privacy 1 programming 1 release 2 retrocomputing 1 satire 2 security 1 unix 1 vcs 3 vibecoding 1 video 1 vim 6 web 1 zig
2026-07-12,25,1 audio 1 c 1 c++ 1 compsci 1 design 1 editors 1 emacs 1 hardware 1 haskell 1 javascript 2 linux 1 lisp 1 mobile 1 netbsd 2 practices 1 programming 1 release 2 retrocomputing 1 satire 3 security 1 unix 1 vcs 4 vibecoding 2 video 1 vim 6 web 1 zig
2026-07-12,25,1 c 1 c++ 1 design 1 dotnet 1 editors 1 emacs 1 haskell 1 javascript 1 linux 1 lisp 1 mobile 1 netbsd 4 practices 1 programming 1 retrocomputing 1 satire 4 security 1 unix 2 vcs 3 vibecoding 1 video 1 vim 5 web 1 zig
2026-07-13,25,1 c 1 compsci 1 design 1 dotnet 1 editors 1 emacs 1 hardware 1 haskell 1 javascript 1 lisp 1 mobile 1 networking 1 performance 3 practices 1 programming 3 retrocomputing 1 rust 4 security 1 unix 1 vcs 4 vibecoding 2 video 1 vim 5 web 1 zig
2026-07-13,25,1 api 1 art 1 book 1 browsers 2 c 1 compsci 1 design 1 editors 1 emacs 1 hardware 1 haskell 1 networking 1 osdev 2 performance 3 practices 1 privacy 1 programming 1 release 2 retrocomputing 2 rust 1 satire 3 security 1 swift 1 unix 1 vcs 2 vibecoding 2 video 1 vim 3 web 1 zig
2026-07-13,25,1 api 1 art 1 ask 1 book 2 browsers 2 c 1 compsci 1 culture 1 databases 1 design 1 emacs 2 hardware 1 historical 1 ml 2 networking 1 osdev 2 performance 2 practices 1 privacy 3 programming 1 rant 1 release 1 retrocomputing 3 rust 2 satire 1 security 1 swift 1 unix 1 vcs 2 vibecoding 2 video 3 web 1 windows
2026-07-13,25,2 a11y 1 api 1 art 1 ask 1 book 2 browsers 2 c 1 culture 1 databases 1 design 2 emacs 1 event 1 go 2 hardware 1 historical 1 javascript 3 networking 3 performance 1 practices 1 privacy 1 programming 1 release 1 ruby 3 rust 1 satire 1 swift 1 unix 1 vcs 2 vibecoding 5 web
2026-07-14,25,2 a11y 1 art 1 ask 1 book 2 browsers 2 c 1 culture 1 databases 1 emacs 1 event 1 go 2 hardware 1 historical 2 javascript 1 meta 3 networking 3 performance 1 practices 1 privacy 2 programming 1 ruby 2 rust 1 satire 1 security 1 swift 1 unix 1 vcs 2 vibecoding 1 visualization 3 web
2026-07-14,25,2 a11y 1 art 2 ask 1 book 3 c 1 css 1 culture 1 design 1 emacs 1 go 1 hardware 1 historical 1 javascript 1 meta 2 networking 3 performance 3 programming 2 rust 1 satire 1 swift 1 unix 2 vcs 4 vibecoding 1 video 1 visualization 3 web
2026-07-14,25,1 a11y 2 ask 3 c 1 design 1 distributed 1 emacs 1 go 1 hardware 2 historical 1 javascript 1 meta 1 networking 4 performance 2 practices 3 programming 3 rust 1 unix 3 vcs 3 vibecoding 1 video 1 visualization 1 web
2026-07-14,25,1 a11y 1 ai 2 c 1 c++ 1 databases 1 design 2 distributed 1 emacs 2 games 1 graphics 1 hardware 2 historical 1 javascript 2 linux 1 mac 1 meta 3 performance 1 plt 1 practices 1 programming 1 rant 2 rust 1 unix 2 vcs 2 vibecoding 1 video 1 virtualization 1 visualization 2 web
2026-07-15,25,1 a11y 1 ai 1 c 1 c++ 1 css 2 distributed 1 emacs 1 freebsd 1 games 1 go 1 graphics 1 hardware 1 historical 1 javascript 2 linux 1 mac 1 meta 2 performance 1 plt 1 practices 1 rant 2 rust 2 security 2 vcs 2 vibecoding 1 visualization 5 web
2026-07-15,25,1 a11y 1 ai 1 design 2 distributed 1 editors 1 emacs 1 event 1 freebsd 1 games 1 go 1 graphics 1 hardware 1 historical 1 javascript 2 linux 1 mac 1 meta 1 performance 1 plt 1 practices 1 programming 1 rant 2 rust 3 security 2 vcs 3 vibecoding 1 visualization 5 web
2026-07-15,25,1 a11y 1 ai 1 browsers 1 c 1 c++ 1 databases 1 design 2 distributed 1 editors 1 event 1 games 1 go 1 graphics 1 hardware 1 historical 2 javascript 1 linux 1 mac 1 meta 2 performance 1 plt 3 practices 1 programming 2 rust 3 security 2 vcs 4 vibecoding 5 web
2026-07-15,25,1 ai 1 book 1 browsers 2 c 1 c++ 2 databases 1 design 1 distributed 1 editors 1 event 1 freebsd 1 games 1 go 1 hardware 2 historical 1 javascript 1 linux 1 mac 1 pdf 2 performance 1 plt 2 practices 1 programming 3 rust 4 security 6 vibecoding 3 web 1 windows
2026-07-16,25,2 ai 1 android 1 book 1 browsers 2 c 1 c++ 1 databases 1 design 1 distributed 1 editors 1 event 1 freebsd 1 gleam 1 hardware 1 historical 1 law 1 linux 2 mac 1 pdf 1 plt 3 practices 1 programming 2 rust 4 security 5 vibecoding 2 web 1 windows
2026-07-16,25,2 ai 1 android 1 book 1 browsers 2 c 1 c++ 1 cryptography 2 databases 2 design 1 devops 1 distributed 1 freebsd 1 gleam 1 historical 1 law 4 linux 2 mac 1 pdf 1 plt 2 practices 2 programming 1 release 1 ruby 1 rust 3 security 4 vibecoding 2 web 1 windows
2026-07-16,25,1 ai 3 c 1 c++ 1 compilers 1 cryptography 1 culture 2 databases 1 design 1 devops 1 distributed 1 freebsd 1 gleam 1 historical 4 linux 2 mac 1 nix 1 plt 1 practices 3 programming 1 python 2 release 1 ruby 1 rust 3 security 4 vibecoding 2 web 1 windows 1 zig
2026-07-16,25,2 ai 1 ask 1 c 1 c++ 1 clojure 3 compilers 1 cryptography 2 databases 1 design 1 distributed 1 emacs 1 freebsd 1 games 1 gleam 2 hardware 1 linux 1 mac 1 ml 1 nix 1 perl 1 practices 3 programming 1 python 3 release 1 retrocomputing 1 reversing 1 ruby 1 rust 1 security 1 vcs 5 vibecoding 1 web 1 windows 1 zig
2026-07-17,25,1 ai 1 ask 1 assembly 1 c 1 c++ 1 clojure 3 compilers 1 culture 2 databases 1 emacs 1 freebsd 1 games 1 gleam 3 hardware 1 linux 1 ml 1 networking 1 nix 1 perl 1 practices 3 programming 1 python 3 release 2 retrocomputing 1 reversing 1 ruby 2 rust 2 security 1 vcs 3 vibecoding 1 windows 1 zig
2026-07-17,25,1 art 1 ask 1 assembly 1 c 1 clojure 3 compilers 1 culture 3 databases 1 emacs 1 games 1 gleam 2 hardware 1 law 1 linux 1 ml 1 networking 1 nix 1 perl 1 practices 1 privacy 2 programming 3 release 2 retrocomputing 1 ruby 1 rust 1 science 2 security 1 vcs 3 vibecoding 1 web 1 zig
2026-07-17,25,1 art 2 ask 1 assembly 1 c 2 compilers 1 culture 2 databases 1 games 1 graphics 2 hardware 1 haskell 1 law 1 linux 1 networking 1 nix 1 perl 1 practices 1 privacy 3 programming 4 release 2 retrocomputing 3 rust 1 science 2 security 1 vcs 4 vibecoding 1 web 1 zig
2026-07-17,25,1 art 2 ask 1 assembly 1 c 1 compilers 1 culture 2 databases 1 games 1 graphics 2 hardware 1 law 1 linux 1 networking 1 nix 1 practices 1 privacy 3 programming 3 release 3 retrocomputing 2 rust 1 science 3 security 1 vcs 8 vibecoding 1 visualization 1 web 1 zig
2026-07-18,25,1 ask 1 assembly 1 clojure 1 compilers 3 databases 1 games 1 go 1 graphics 1 hardware 1 haskell 1 interview 1 java 1 law 1 linux 1 lisp 1 networking 1 person 1 plt 1 privacy 2 programming 3 release 4 retrocomputing 3 rust 1 scala 1 vcs 6 vibecoding 3 video 1 visualization 1 web 1 zig
2026-07-18,25,1 ai 1 ask 1 assembly 1 clojure 1 compilers 2 databases 1 distributed 1 games 1 go 2 graphics 1 hardware 1 haskell 1 interview 1 java 1 law 1 linux 1 lisp 1 networking 1 pdf 1 person 1 plt 1 privacy 3 programming 2 release 4 retrocomputing 3 rust 1 scala 7 vibecoding 3 video 1 visualization 1 web 1 zig
2026-07-18,25,1 ai 1 ask 1 c++ 1 clojure 1 compilers 1 culture 2 databases 1 distributed 1 freebsd 2 graphics 1 haskell 1 interview 1 java 1 lisp 1 mac 1 networking 1 osdev 1 pdf 1 person 1 plt 1 privacy 3 programming 2 release 2 retrocomputing 3 rust 2 vcs 5 vibecoding 2 video 2 web 1 windows 1 zig
2026-07-18,25,1 ai 1 apl 1 ask 1 c++ 1 clojure 1 compilers 1 culture 1 databases 1 freebsd 3 graphics 1 haskell 1 interview 1 java 2 lisp 1 mac 1 osdev 1 person 1 plt 2 practices 4 programming 1 release 1 retrocomputing 3 rust 1 security 1 vcs 4 vibecoding 2 video 2 web 1 windows 1 zig
2026-07-19,25,1 ai 2 apl 2 c++ 1 clojure 1 culture 2 databases 1 freebsd 1 gleam 1 graphics 1 hardware 1 haskell 1 historical 1 interview 1 linux 2 lisp 1 mac 1 osdev 1 performance 1 person 3 practices 4 programming 2 security 2 vcs 3 vibecoding 2 web 1 windows
2026-07-19,25,1 ai 1 apl 2 c++ 1 clojure 1 compilers 1 culture 2 databases 1 freebsd 1 gleam 1 graphics 2 hardware 1 haskell 1 historical 1 interview 2 linux 2 lisp 1 mac 1 math 1 nix 1 osdev 1 performance 1 person 3 practices 4 programming 1 retrocomputing 1 security 2 vcs 3 vibecoding 1 virtualization 2 web
2026-07-19,25,1 ai 1 apl 1 ask 1 browsers 1 c 1 c++ 1 compilers 1 elixir 1 email 1 formalmethods 1 gleam 1 graphics 3 hardware 1 haskell 1 historical 1 interview 2 linux 1 lisp 1 math 1 nix 2 performance 1 person 3 practices 4 programming 1 release 1 retrocomputing 1 security 1 show 3 vcs 5 vibecoding 2 video 1 virtualization 3 web
2026-07-20,25,1 apl 1 ask 1 browsers 2 c 1 concatenative 1 elixir 1 email 1 formalmethods 1 gleam 1 graphics 2 hardware 1 haskell 1 historical 4 linux 1 math 1 nix 2 performance 3 practices 3 programming 1 release 1 retrocomputing 1 security 1 show 3 vcs 4 vibecoding 2 video 2 virtualization 3 web
2026-07-20,25,1 ask 1 browsers 2 c 1 concatenative 1 cryptography 1 elixir 2 email 1 formalmethods 1 gleam 1 graphics 3 hardware 1 haskell 1 historical 4 linux 1 math 1 nix 1 pdf 2 performance 3 practices 2 programming 1 release 1 retrocomputing 1 security 1 show 2 vcs 3 vibecoding 2 video 2 virtualization 2 web 1 zig
2026-07-20,25,2 ask 2 c 1 concatenative 1 cryptography 2 email 1 gleam 1 graphics 1 hardware 1 haskell 1 historical 3 linux 1 math 1 nix 1 pdf 1 performance 4 practices 5 programming 1 release 2 retrocomputing 1 security 1 show 3 vcs 2 vibecoding 2 virtualization 1 web 1 zig
2026-07-20,25,1 api 2 ask 3 c 1 compilers 1 concatenative 1 cryptography 1 databases 1 devops 2 email 1 formalmethods 1 hardware 2 haskell 3 linux 1 math 1 ml 1 nix 1 pdf 1 practices 4 programming 1 release 2 retrocomputing 2 rust 3 security 2 show 1 systemd 3 vcs 3 vibecoding 2 virtualization 1 zig
2026-07-21,25,1 api 2 apl 2 ask 2 c 1 compilers 1 concatenative 2 cryptography 2 databases 1 devops 1 distributed 1 email 1 hardware 1 haskell 1 historical 1 linux 1 math 1 ml 1 networking 1 nix 1 pdf 1 plt 1 practices 4 programming 1 retrocomputing 2 rust 5 security 1 show 1 systemd 2 vcs 2 vibecoding 1 zig
2026-07-21,25,1 api 1 apl 2 ask 1 c 1 compilers 2 cryptography 1 databases 1 devops 1 distributed 1 email 1 hardware 1 haskell 1 historical 1 linux 1 math 1 ml 2 networking 1 nix 1 pdf 1 philosophy 1 plt 2 practices 4 programming 1 retrocomputing 2 rust 4 security 1 show 1 systemd 2 vcs 2 vibecoding 1 web 1 zig
2026-07-21,25,1 api 1 apl 1 c 1 compilers 1 cryptography 1 databases 2 devops 1 emacs 1 email 1 hardware 1 haskell 1 kotlin 1 linux 1 math 1 ml 1 networking 1 nix 1 philosophy 2 plt 2 practices 2 programming 1 retrocomputing 1 rust 1 scala 4 security 1 show 1 systemd 4 vcs 2 vibecoding 1 web 1 zig
2026-07-21,25,1 a11y 2 c 1 compilers 1 cryptography 1 design 2 devops 1 email 1 event 1 go 1 hardware 2 linux 1 lisp 2 math 1 ml 1 networking 2 nix 1 osdev 1 philosophy 3 plt 1 practices 1 release 2 rust 3 security 2 show 1 systemd 1 unix 5 vcs 2 vibecoding 1 web 1 zig
2026-07-22,25,1 a11y 3 apl 1 ask 1 browsers 1 c 1 concatenative 1 design 2 devops 1 email 1 go 1 hardware 3 linux 1 lisp 1 math 1 nix 1 objectivec 1 osdev 1 pdf 1 philosophy 3 plt 1 practices 1 release 1 retrocomputing 1 rust 3 security 1 show 1 unix 3 vcs 4 vibecoding 1 web
2026-07-22,25,1 a11y 2 apl 1 ask 1 book 1 browsers 1 c 1 concatenative 1 design 1 devops 1 email 3 hardware 3 linux 1 lisp 1 math 1 nix 1 objectivec 1 osdev 2 pdf 1 philosophy 3 plt 1 python 1 rust 4 security 3 vcs 4 vibecoding 2 web
2026-07-22,25,1 apl 1 book 1 browsers 1 c 1 concatenative 1 devops 3 hardware 3 linux 1 lua 1 math 1 nix 1 objectivec 1 osdev 1 pdf 1 performance 1 philosophy 1 php 3 plt 1 programming 1 python 1 rant 1 rust 4 security 3 vcs 4 vibecoding 4 web
2026-07-22,25,1 book 1 browsers 1 c 1 c++ 1 debugging 1 devops 3 hardware 3 linux 1 lua 1 math 1 nix 1 objectivec 1 osdev 1 pdf 1 performance 1 philosophy 1 php 1 plt 1 programming 2 python 1 rant 1 release 1 retrocomputing 1 rust 4 security 1 systemd 1 testing 2 vcs 4 vibecoding 4 web
2026-07-23,25,1 browsers 1 c++ 1 debugging 1 devops 2 hardware 4 linux 1 lua 1 math 1 ml 1 objectivec 1 performance 1 php 1 plt 2 programming 2 python 1 rant 1 release 1 rust 6 security 1 systemd 1 testing 2 vcs 4 vibecoding 3 web
2026-07-23,25,1 ai 1 c++ 1 cogsci 1 debugging 2 hardware 2 linux 1 lua 1 math 1 ml 1 performance 1 person 1 php 2 plt 2 programming 2 python 1 rant 1 release 1 rust 5 security 1 systemd 1 testing 4 vibecoding 3 web
2026-07-23,25,1 ai 1 c++ 1 cogsci 1 design 1 graphics 1 hardware 2 linux 1 lua 1 math 1 ml 1 performance 1 person 1 php 2 plt 2 programming 2 python 1 rant 1 rust 4 security 1 show 1 systemd 4 vibecoding 1 video 1 wasm 4 web
2026-07-23,25,3 c++ 1 databases 1 design 1 emacs 1 graphics 1 hardware 1 mac 1 math 1 ml 2 performance 1 person 2 plt 1 practices 1 programming 2 python 1 rant 5 security 1 show 7 vibecoding 1 video 1 wasm 3 web 1 zig
2026-07-24,25,1 c 4 c++ 1 clojure 1 databases 1 design 1 emacs 1 email 1 event 1 graphics 1 hardware 1 lisp 1 mac 1 math 1 performance 1 person 1 plt 1 practices 2 programming 1 python 1 rant 4 security 1 show 9 vibecoding 1 video 1 wasm 3 web 1 zig
2026-07-24,25,1 a11y 1 art 1 c 3 c++ 1 clojure 1 design 1 emacs 1 email 1 event 1 freebsd 1 graphics 1 hardware 1 lisp 1 mac 2 math 1 performance 1 person 1 plt 1 practices 2 programming 3 security 1 show 9 vibecoding 1 video 2 web 1 zig
2026-07-24,25,1 a11y 1 ai 1 art 1 c 3 c++ 1 clojure 1 design 1 emacs 1 email 1 event 1 freebsd 1 games 1 graphics 1 hardware 1 lisp 1 mac 2 math 1 performance 1 person 1 practices 2 programming 1 retrocomputing 3 security 1 show 9 vibecoding 1 video 1 web 1 zig
2026-07-24,25,1 a11y 1 ai 1 apl 2 art 1 ask 2 c 2 c++ 1 clojure 1 compsci 1 design 1 education 1 email 1 event 1 freebsd 1 games 1 hardware 1 lisp 1 math 3 performance 1 practices 3 programming 1 retrocomputing 1 rust 1 satire 1 science 1 show 1 vcs 4 vibecoding 2 video 1 web 1 zig
2026-07-25,25,1 ai 2 art 1 ask 1 browsers 2 c 1 c++ 1 clojure 1 compilers 1 culture 1 databases 1 design 1 dotnet 1 education 1 email 1 freebsd 1 games 1 go 1 hardware 1 lisp 1 mac 2 math 3 performance 3 programming 1 retrocomputing 2 rust 1 satire 1 show 1 vcs 3 vibecoding 2 video 1 web 1 windows 1 zig
2026-07-25,25,1 ai 1 api 1 art 1 ask 1 browsers 3 c 1 c++ 1 clojure 1 compsci 1 culture 1 databases 1 design 1 dotnet 1 email 1 event 1 freebsd 1 games 1 go 1 lisp 1 mac 1 math 3 performance 1 philosophy 1 practices 4 programming 1 retrocomputing 1 rust 1 satire 1 show 1 vcs 2 vibecoding 2 video 2 web 1 windows 1 zig
2026-07-25,25,1 ai 1 android 1 api 1 art 1 ask 1 browsers 1 c 1 compsci 1 culture 1 databases 1 dotnet 1 emacs 1 email 1 event 1 freebsd 1 games 2 go 2 linux 1 mac 1 math 1 networking 1 osdev 2 performance 1 philosophy 1 practices 4 programming 1 retrocomputing 1 rust 1 show 1 vcs 1 video 1 web 1 windows 1 zig
2026-07-25,25,1 ai 1 android 1 api 1 art 1 ask 1 browsers 1 c 1 compsci 3 culture 1 databases 1 dotnet 1 emacs 1 event 1 freebsd 2 go 3 linux 1 logiclangs 1 mac 1 math 1 networking 1 osdev 2 performance 1 philosophy 1 plt 2 practices 3 programming 1 rust 1 show 1 vcs 1 vibecoding 2 video 1 web 1 windows 1 zig
2026-07-26,25,1 ai 1 android 1 art 1 browsers 2 c 3 culture 1 dotnet 1 emacs 1 email 1 event 2 go 1 historical 3 linux 1 logiclangs 1 mac 1 math 2 networking 2 osdev 2 performance 2 plt 3 practices 2 programming 1 release 3 rust 1 show 1 vibecoding 2 video 1 web 1 windows 2 zig
2026-07-26,25,1 ai 1 android 1 apl 1 art 1 browsers 2 c 3 culture 1 dotnet 1 emacs 1 email 1 event 2 go 1 hardware 1 historical 2 linux 1 logiclangs 1 mac 1 math 1 networking 1 osdev 2 performance 2 plt 3 practices 2 programming 1 release 3 rust 1 show 1 vibecoding 4 video 1 windows 2 zig
2026-07-26,25,1 ai 1 android 1 apl 1 art 1 browsers 2 c 3 culture 1 dotnet 1 emacs 1 email 1 event 2 go 1 hardware 1 historical 2 linux 1 logiclangs 1 mac 1 math 1 networking 1 osdev 2 performance 2 plt 3 practices 2 programming 1 release 3 rust 1 show 2 vibecoding 4 video 1 windows 2 zig
2026-07-26,25,1 android 1 apl 1 art 1 browsers 1 c 1 c++ 1 concatenative 2 culture 1 dotnet 1 emacs 1 email 1 event 2 formalmethods 1 games 2 go 1 hardware 1 historical 1 javascript 2 linux 1 logiclangs 1 mac 1 ml 1 networking 1 osdev 3 performance 1 plt 3 practices 3 programming 2 release 1 retrocomputing 2 rust 1 show 3 vibecoding 5 video 1 windows 2 zig
2026-07-27,25,1 android 1 apl 1 art 1 browsers 1 c 1 c++ 2 concatenative 1 culture 2 databases 1 education 1 email 2 formalmethods 1 games 1 go 2 hardware 1 historical 1 javascript 1 logiclangs 1 mac 1 ml 1 networking 1 osdev 2 performance 1 plt 3 practices 2 programming 2 release 1 retrocomputing 2 rust 1 show 2 vibecoding 5 video 1 windows 2 zig
2026-07-27,25,1 android 1 c 2 c++ 2 concatenative 1 culture 2 databases 1 education 1 email 2 formalmethods 1 games 1 go 1 hardware 1 historical 1 javascript 1 logiclangs 1 ml 2 networking 1 osdev 2 performance 1 plt 2 practices 2 programming 2 release 1 retrocomputing 2 rust 1 security 1 show 1 vcs 3 vibecoding 3 video 2 zig
2026-07-27,25,1 api 1 c 1 c++ 1 concatenative 1 cryptography 2 databases 1 education 1 formalmethods 1 hardware 1 haskell 1 javascript 1 math 1 meta 1 ml 1 networking 1 osdev 2 performance 1 plt 1 practices 6 programming 1 rust 1 science 1 security 2 vcs 6 vibecoding 2 video 1 zig
2026-07-27,25,1 api 1 concatenative 1 cryptography 1 culture 1 databases 1 distributed 2 education 2 historical 1 javascript 1 math 1 meta 1 networking 1 openbsd 1 performance 1 plt 2 practices 6 programming 1 release 1 science 3 security 1 testing 2 vcs 6 vibecoding 1 video 1 windows
2026-07-28,25,1 assembly 1 compilers 1 concatenative 1 culture 1 databases 1 distributed 2 education 2 historical 1 mac 1 math 1 networking 2 openbsd 1 performance 1 plt 2 practices 5 programming 1 release 1 science 4 security 1 testing 2 vcs 5 vibecoding 2 video 1 web 1 windows
2026-07-28,25,1 assembly 1 browsers 1 compilers 1 concatenative 1 culture 1 distributed 2 education 1 hardware 2 historical 1 mac 1 networking 1 openbsd 1 performance 1 plt 3 practices 3 programming 1 release 4 security 1 testing 2 vcs 5 vibecoding 1 video 1 web 1 windows
2026-07-28,25,1 ai 1 assembly 1 browsers 1 c++ 1 compilers 1 compsci 1 culture 2 distributed 1 education 1 graphics 2 hardware 1 historical 1 networking 1 openbsd 1 performance 1 philosophy 2 plt 3 practices 2 programming 1 release 1 scala 3 security 1 testing 1 vcs 4 vibecoding 1 video 1 visualization 1 web 1 windows
2026-07-28,25,1 api 1 assembly 1 browsers 2 c 1 c++ 2 compilers 1 compsci 1 distributed 2 education 1 games 1 go 1 graphics 3 hardware 1 java 1 mobile 1 networking 1 nix 1 openbsd 1 osdev 2 performance 1 philosophy 2 practices 2 programming 2 release 1 reversing 1 rust 3 security 1 show 1 unix 3 vibecoding 1 video 1 visualization 1 web 1 zig
2026-07-29,25,1 ai 1 api 1 browsers 2 c 1 c++ 3 compilers 1 compsci 1 distributed 2 education 1 formalmethods 1 graphics 3 hardware 2 linux 1 ml 1 nix 1 openbsd 1 osdev 3 performance 1 philosophy 1 plt 1 practices 1 programming 2 reversing 1 rust 4 security 1 swift 1 unix 4 vibecoding 1 video 1 visualization 1 web 1 zig
2026-07-29,25,1 ai 1 browsers 1 c 1 c++ 3 compilers 1 distributed 2 education 1 formalmethods 1 graphics 2 hardware 2 linux 1 ml 1 nix 1 openbsd 1 osdev 3 performance 1 philosophy 1 plt 1 practices 2 programming 1 retrocomputing 2 reversing 1 ruby 1 rust 3 security 1 swift 1 vcs 3 vibecoding 1 video 1 web 2 zig
2026-07-29,25,1 ai 1 art 1 browsers 1 c 1 c++ 2 compilers 1 design 1 distributed 1 emacs 1 formalmethods 1 graphics 3 hardware 2 linux 1 math 1 ml 1 networking 1 nix 1 osdev 2 performance 2 philosophy 1 plt 1 practices 2 programming 1 reversing 1 ruby 1 rust 2 security 1 swift 1 vcs 5 vibecoding 1 video 1 web 2 zig
2026-07-29,25,1 ai 1 art 1 browsers 1 c 2 c++ 3 compilers 1 cryptography 1 culture 1 databases 1 design 2 emacs 1 formalmethods 1 games 1 gleam 1 graphics 3 hardware 1 linux 1 math 1 ml 2 performance 1 philosophy 1 plt 1 programming 1 release 1 reversing 1 ruby 1 security 1 vcs 3 vibecoding 3 zig
2026-07-30,25,1 ai 1 art 1 browsers 1 c 2 c++ 3 compilers 1 cryptography 1 culture 1 databases 1 design 2 emacs 1 formalmethods 1 games 1 gleam 3 hardware 1 linux 1 math 1 ml 2 performance 1 philosophy 1 plt 1 practices 2 programming 2 release 1 reversing 1 ruby 1 security 1 vcs 4 vibecoding 3 zig
2026-07-30,25,1 ai 1 art 1 ask 1 browsers 2 c++ 3 compilers 1 cryptography 1 culture 1 databases 1 design 2 emacs 1 formalmethods 1 games 1 gleam 1 hardware 1 linux 1 math 1 ml 1 pdf 1 performance 2 philosophy 1 plt 1 practices 3 programming 2 release 1 ruby 1 security 1 vcs 4 vibecoding 1 web 3 zig
2026-07-30,25,1 ai 1 art 1 ask 1 browsers 2 c++ 3 compilers 1 cryptography 1 culture 1 databases 1 design 2 emacs 1 formalmethods 1 games 1 gleam 2 hardware 1 javascript 2 math 1 ml 1 performance 1 philosophy 1 plt 1 practices 4 programming 2 release 1 ruby 1 vcs 3 vibecoding 2 web 3 zig
2026-07-30,25,1 ai 1 ask 1 browsers 1 c++ 1 compilers 1 cryptography 1 culture 1 databases 1 debugging 1 design 1 emacs 1 games 2 gleam 2 hardware 1 historical 1 javascript 1 linux 1 math 1 performance 1 practices 3 programming 1 python 1 release 2 ruby 1 rust 1 security 1 vcs 4 vibecoding 1 video 2 web 1 zig
2026-07-31,25,1 ask 1 c 2 c++ 1 compilers 1 cryptography 1 culture 1 debugging 1 design 1 emacs 1 games 1 gleam 4 hardware 1 historical 1 javascript 1 linux 1 math 1 performance 1 practices 3 programming 1 python 2 ruby 1 rust 1 security 1 vcs 5 vibecoding 1 video 2 web 2 zig
2026-07-31,25,1 art 2 ask 1 c 2 c++ 2 compilers 1 culture 1 debugging 1 design 1 distributed 1 games 1 gleam 1 graphics 3 hardware 1 historical 1 javascript 1 linux 1 math 2 performance 1 practices 3 programming 1 python 1 retrocomputing 2 ruby 2 rust 1 security 1 vcs 5 vibecoding 2 video 2 web 1 zig
2026-07-31,25,1 art 2 ask 1 c 2 c++ 2 compilers 1 culture 1 design 1 distributed 1 games 1 gleam 1 go 1 graphics 2 hardware 1 javascript 1 linux 1 math 2 performance 5 programming 1 python 1 retrocomputing 2 ruby 2 rust 1 security 1 vcs 4 vibecoding 1 video 1 web 1 zig
2026-07-31,25,1 ai 2 ask 2 c 2 c++ 2 compilers 1 databases 1 design 1 distributed 1 emacs 1 games 1 go 3 linux 1 lisp 1 math 2 nix 1 openbsd 1 performance 1 philosophy 4 practices 3 programming 1 ruby 4 rust 2 vcs 3 vibecoding
2026-08-01,25,2 ask 1 browsers 2 compilers 1 design 3 emacs 2 games 1 go 1 graphics 1 javascript 4 linux 2 lisp 1 math 2 nix 1 openbsd 1 performance 1 philosophy 3 practices 3 programming 1 ruby 3 rust 1 security 2 vcs 1 vibecoding 1 video 2 web
2026-08-01,25,2 ask 1 browsers 2 compilers 1 compsci 3 emacs 2 games 1 go 1 graphics 1 hardware 1 javascript 3 linux 2 lisp 2 math 2 nix 1 openbsd 2 performance 1 philosophy 3 practices 3 programming 1 ruby 3 rust 1 security 1 vcs 1 video 1 visualization 2 web 1 zig
2026-08-01,25,1 ask 2 browsers 1 compilers 1 compsci 2 emacs 1 go 1 hardware 1 javascript 3 linux 1 lisp 2 math 2 nix 1 openbsd 2 performance 1 philosophy 4 practices 3 programming 1 ruby 3 rust 1 scaling 1 security 1 vcs 1 visualization 2 web 1 zig
2026-08-01,25,1 ask 2 browsers 1 compilers 1 compsci 1 emacs 1 email 1 games 1 go 1 javascript 2 linux 1 math 1 netbsd 1 nix 1 openbsd 2 performance 1 philosophy 5 practices 2 programming 1 ruby 3 rust 2 security 2 vcs 4 vibecoding 1 visualization 2 web 1 zig
2026-08-02,25,1 browsers 1 compsci 1 cryptography 1 distributed 1 emacs 1 email 1 games 1 go 1 hardware 1 historical 3 linux 1 mac 1 math 1 netbsd 1 nix 1 openbsd 1 performance 1 person 1 philosophy 1 plt 5 practices 1 release 1 ruby 2 rust 2 security 1 unix 2 vcs 3 vibecoding 1 visualization 2 web
2026-08-02,25,1 android 1 browsers 1 c 1 compsci 1 cryptography 1 databases 2 distributed 1 email 1 formalmethods 1 games 1 go 1 hardware 1 historical 4 linux 2 mac 1 math 1 netbsd 1 openbsd 1 pdf 1 performance 1 person 1 philosophy 1 plt 3 practices 1 rant 1 release 1 retrocomputing 2 rust 2 security 1 show 1 unix 2 vcs 3 vibecoding 1 visualization 3 web
2026-08-02,25,1 android 1 browsers 1 c 1 compsci 1 cryptography 1 culture 1 databases 2 distributed 1 email 1 formalmethods 1 games 1 hardware 1 historical 3 linux 2 mac 3 math 1 netbsd 1 pdf 1 performance 1 person 1 philosophy 1 php 1 plt 1 practices 1 rant 1 release 1 retrocomputing 1 rust 1 security 1 show 2 unix 1 vcs 6 vibecoding 1 visualization 3 web
2026-08-02,25,1 android 1 c 1 cryptography 1 culture 1 databases 1 design 2 distributed 1 formalmethods 1 hardware 3 linux 2 mac 2 math 1 ml 1 netbsd 1 osdev 1 pdf 1 performance 1 person 1 php 1 plt 1 practices 1 programming 1 rant 1 release 1 retrocomputing 1 rust 1 security 1 show 2 unix 1 vcs 7 vibecoding 1 video 3 web
2026-08-03,25,1 ai 1 android 1 c 1 c++ 1 culture 1 design 1 education 1 formalmethods 1 hardware 2 linux 1 mac 2 math 1 ml 1 netbsd 2 osdev 2 performance 1 person 1 php 1 plt 2 practices 1 programming 1 release 2 retrocomputing 1 reversing 2 rust 1 science 1 security 1 show 2 unix 4 vibecoding 2 video 1 web
2026-08-03,25,1 art 1 c 1 c++ 1 culture 1 design 1 education 1 hardware 1 javascript 2 linux 1 mac 1 math 1 ml 1 netbsd 2 osdev 1 pdf 2 performance 1 person 1 php 2 practices 1 programming 2 release 2 retrocomputing 1 reversing 2 rust 1 science 1 security 2 unix 3 vibecoding 2 video 1 vim 1 web
2026-08-03,25,1 art 3 c 1 c++ 2 culture 1 design 1 education 1 elixir 1 gleam 1 go 1 javascript 1 linux 1 ml 1 openbsd 1 osdev 2 performance 1 php 2 practices 2 programming 1 python 1 release 1 retrocomputing 4 rust 1 science 1 unix 3 vibecoding 2 video 1 web
2026-08-03,25,1 art 1 ask 3 c 2 culture 1 design 1 elixir 1 gleam 1 go 1 javascript 1 kotlin 1 law 1 ml 1 openbsd 1 osdev 2 performance 2 practices 1 privacy 2 programming 3 python 1 rant 2 release 1 retrocomputing 3 rust 1 satire 1 security 3 vibecoding 2 video 2 web
2026-08-04,25,1 art 1 ask 2 c 1 culture 1 gleam 1 go 1 haskell 1 historical 1 javascript 1 law 1 ml 1 osdev 2 performance 3 practices 1 privacy 3 programming 2 python 1 rant 2 release 1 retrocomputing 3 rust 1 satire 1 security 4 vibecoding 1 video 1 virtualization 1 web
2026-08-04,25,1 art 1 ask 1 c 1 culture 2 go 1 hardware 1 haskell 1 historical 1 javascript 1 law 1 ml 1 osdev 1 performance 2 practices 1 privacy 2 programming 1 python 1 rant 2 release 2 retrocomputing 1 rust 1 satire 1 security 5 vibecoding 1 video 2 virtualization 1 web
2026-08-04,25,1 art 1 ask 2 c 1 culture 1 devops 1 games 2 go 1 graphics 1 haskell 1 historical 1 javascript 1 law 1 lisp 1 osdev 2 practices 1 privacy 1 programming 1 rant 4 release 2 retrocomputing 2 rust 1 satire 1 security 1 testing 4 vibecoding 1 video 2 virtualization
2026-08-04,25,1 c 1 culture 1 devops 1 emacs 2 games 1 go 1 graphics 2 haskell 1 historical 1 java 1 kotlin 1 law 1 linux 1 lisp 1 lua 1 nix 2 practices 1 privacy 1 rant 2 release 3 rust 1 satire 2 security 1 testing 5 vibecoding 1 video 1 virtualization 1 vscode
2026-08-05,25,1 art 1 browsers 1 c 1 compilers 1 css 1 culture 1 design 1 devops 1 emacs 1 games 1 go 1 graphics 2 haskell 1 historical 1 java 1 kotlin 1 law 1 linux 1 lisp 1 lua 1 mac 1 nix 1 performance 1 practices 1 privacy 1 programming 1 release 4 rust 1 security 1 testing 4 vibecoding 1 vscode 1 web
2026-08-05,25,1 art 1 browsers 1 compilers 1 css 1 culture 1 design 1 devops 2 emacs 1 games 1 go 1 graphics 2 haskell 1 historical 1 java 1 kotlin 1 law 1 linux 1 lisp 1 lua 1 mac 1 meta 1 nix 1 performance 1 privacy 1 programming 1 release 5 rust 1 security 1 testing 4 vibecoding 1 vscode
2026-08-05,25,1 art 1 browsers 1 compilers 1 css 1 design 1 devops 2 emacs 1 go 2 graphics 2 haskell 1 java 1 kotlin 1 lisp 1 lua 2 mac 1 networking 2 nix 1 performance 3 programming 1 release 5 rust 1 security 1 testing 4 vibecoding 1 vscode
2026-08-05,25,1 a11y 1 ai 1 art 1 browsers 1 c++ 2 compilers 1 css 1 design 1 devops 2 emacs 1 email 1 formalmethods 1 go 1 graphics 1 haskell 1 lisp 1 lua 2 mac 1 math 1 networking 1 nix 1 performance 1 practices 3 programming 2 rant 3 rust 1 security 6 vibecoding 1 video
2026-08-06,25,1 a11y 1 browsers 1 c++ 2 compilers 1 css 1 culture 1 design 2 devops 1 emacs 1 email 1 formalmethods 1 graphics 1 lisp 1 lua 1 mac 1 math 1 networking 1 nix 2 osdev 1 philosophy 2 practices 3 programming 2 rant 4 rust 2 security 6 vibecoding 1 video 1 virtualization
2026-08-06,25,1 a11y 1 browsers 1 c++ 1 css 1 culture 1 design 1 devops 1 distributed 1 email 1 formalmethods 1 go 1 graphics 1 hardware 1 historical 1 lisp 1 lua 2 networking 1 nix 2 osdev 1 philosophy 1 plt 2 practices 2 programming 1 python 2 rant 1 retrocomputing 3 rust 1 security 3 vibecoding 1 video 1 virtualization
2026-08-06,25,1 a11y 1 art 1 c 1 c++ 1 css 1 culture 1 distributed 1 games 1 go 2 graphics 1 hardware 1 historical 1 law 1 lisp 1 lua 1 netbsd 3 networking 1 nix 2 osdev 1 performance 1 philosophy 1 plt 1 practices 1 privacy 3 programming 1 python 1 rant 1 release 2 retrocomputing 2 rust 1 security 1 vcs 2 vibecoding 2 web 1 windows
2026-08-07,25,1 a11y 1 art 2 c 1 c++ 1 compilers 1 concatenative 1 css 1 culture 2 games 1 graphics 1 linux 2 lisp 1 netbsd 1 networking 1 nix 2 osdev 1 philosophy 1 plt 1 practices 1 privacy 1 programming 1 python 1 rant 1 release 3 retrocomputing 4 rust 3 security 1 vcs 3 vibecoding 1 virtualization 3 web 1 zig
2026-08-07,25,1 a11y 1 art 2 c 1 c++ 1 compilers 1 concatenative 2 games 1 graphics 1 historical 1 linux 2 lisp 1 netbsd 1 networking 1 nix 2 osdev 1 plt 1 privacy 1 programming 1 python 1 rant 1 release 4 retrocomputing 4 rust 3 security 1 unix 1 vcs 3 vibecoding 1 virtualization 2 web 1 zig
2026-08-07,25,1 art 1 browsers 2 c 1 c++ 1 compilers 1 concatenative 2 games 1 graphics 1 historical 1 linux 1 lisp 1 netbsd 1 networking 1 nix 1 plt 1 privacy 1 programming 1 python 1 release 4 retrocomputing 5 rust 1 satire 4 security 1 unix 1 vcs 6 vibecoding 1 virtualization 2 web 1 zig
2026-08-07,25,1 art 1 ask 1 browsers 1 c 1 c++ 1 concatenative 1 emacs 2 games 1 graphics 1 historical 1 lisp 1 netbsd 2 nix 1 privacy 3 programming 1 python 1 release 4 retrocomputing 3 rust 1 satire 2 security 1 unix 1 vcs 5 vibecoding 3 web 1 zig
2026-08-07,25,1 ask 1 browsers 1 c 1 c++ 1 education 1 emacs 2 games 1 graphics 1 historical 1 netbsd 1 networking 2 nix 1 practices 1 privacy 2 programming 2 python 1 release 4 retrocomputing 3 rust 1 satire 1 science 2 security 1 unix 1 vcs 6 vibecoding 1 video 2 web 1 zig
2026-08-08,25,1 ai 1 android 1 ask 1 assembly 1 book 1 browsers 1 compilers 1 culture 1 databases 2 education 1 emacs 1 formalmethods 1 games 2 hardware 1 historical 1 networking 1 nix 2 performance 2 practices 1 privacy 2 programming 1 python 1 release 3 retrocomputing 1 rust 1 satire 1 science 1 security 1 show 1 unix 1 vcs 3 vibecoding 2 video 1 web 1 zig
2026-08-08,25,1 ai 1 android 1 art 1 ask 1 assembly 1 browsers 1 compilers 1 culture 1 education 1 emacs 1 formalmethods 1 games 1 hardware 1 historical 1 networking 2 nix 1 performance 2 practices 1 privacy 2 programming 1 python 1 release 3 retrocomputing 1 rust 1 satire 1 science 1 security 1 unix 1 vcs 3 vibecoding 2 video 2 web 1 zig
2026-08-08,25,1 ai 1 android 1 art 1 ask 1 assembly 1 c 1 compilers 1 culture 1 editors 1 education 1 emacs 1 formalmethods 1 games 1 go 1 hardware 2 historical 1 networking 2 nix 1 performance 2 practices 1 privacy 2 programming 1 python 2 retrocomputing 1 satire 1 science 1 security 1 unix 3 vibecoding 3 video 2 web 1 zig
2026-08-08,25,1 ai 1 android 1 api 1 art 1 ask 2 assembly 1 c 1 clojure 1 culture 1 editors 2 hardware 2 historical 1 linux 1 lisp 1 nix 1 osdev 1 pdf 1 performance 1 philosophy 2 practices 1 privacy 4 programming 1 python 1 rant 1 release 2 rust 1 satire 1 science 3 security 1 systemd 1 unix 1 vibecoding 2 video 1 web
2026-08-09,25,1 api 2 art 2 assembly 1 c 1 clojure 1 concatenative 1 culture 1 databases 1 editors 1 emacs 1 graphics 3 hardware 2 historical 1 linux 1 lisp 1 nix 1 osdev 1 pdf 2 performance 1 philosophy 2 plt 3 practices 2 programming 1 python 1 rant 1 release 1 rust 2 science 2 security 1 systemd 3 vibecoding 2 video 1 web
2026-08-09,25,1 android 1 api 1 art 1 clojure 1 concatenative 2 culture 1 databases 1 editors 1 emacs 2 graphics 1 hardware 2 historical 1 linux 1 lisp 1 netbsd 1 nix 1 osdev 1 pdf 1 performance 2 plt 2 practices 3 programming 1 rant 1 release 1 ruby 1 rust 1 security 1 systemd 3 vibecoding 1 video 1 visualization
2026-08-09,25,1 android 1 api 1 art 1 assembly 1 clojure 1 concatenative 2 culture 1 databases 1 debugging 1 editors 1 emacs 2 graphics 1 linux 1 lisp 1 netbsd 1 nix 1 pdf 1 performance 1 philosophy 2 plt 3 practices 4 programming 1 rant 1 release 1 ruby 1 rust 1 security 1 systemd 5 vibecoding 1 visualization
2026-08-09,25,1 android 1 api 1 art 1 assembly 1 concatenative 1 culture 1 debugging 1 emacs 1 go 2 graphics 1 hardware 1 linux 1 meta 1 mobile 1 netbsd 2 networking 1 nix 1 philosophy 1 plt 3 practices 4 programming 1 release 1 ruby 1 systemd 1 vcs 3 vibecoding 1 video 1 web 1 zig
2026-08-10,25,1 android 1 art 1 assembly 1 c 1 concatenative 2 culture 1 debugging 2 go 2 graphics 1 hardware 1 linux 1 meta 1 mobile 1 netbsd 2 networking 1 nix 1 performance 1 philosophy 1 plt 3 practices 3 programming 1 ruby 1 testing 1 vcs 5 vibecoding 1 video 1 web 1 zig
2026-08-10,25,1 ai 1 android 1 art 2 c 2 culture 1 debugging 2 design 2 go 1 graphics 1 hardware 1 meta 1 netbsd 2 networking 1 nix 1 osdev 1 performance 1 practices 3 programming 1 ruby 1 testing 1 vcs 5 vibecoding 1 web 1 zig
2026-08-10,25,1 ai 1 art 1 ask 1 browsers 1 c 1 culture 1 debugging 2 design 1 devops 1 distributed 2 go 1 graphics 1 haskell 1 linux 1 meta 1 networking 2 nix 1 osdev 1 performance 2 programming 1 python 1 release 2 security 1 vcs 6 vibecoding 2 web 1 zig
2026-08-10,25,1 ask 1 browsers 1 c 1 css 2 culture 1 debugging 3 design 1 go 1 haskell 1 linux 1 networking 3 nix 1 osdev 1 performance 1 privacy 3 programming 2 python 1 release 1 rust 3 security 1 show 1 vcs 4 vibecoding 3 web 1 zig
2026-08-11,25,1 ask 1 browsers 1 c 1 css 3 design 2 games 1 haskell 1 linux 1 lisp 1 math 1 networking 2 nix 1 performance 1 privacy 3 programming 3 python 1 rant 2 release 2 rust 3 security 1 show 1 vcs 4 vibecoding 1 video 1 visualization 2 web 1 zig
2026-08-11,25,1 art 1 ask 1 browsers 1 c 1 css 3 design 2 games 1 haskell 1 historical 1 linux 1 lisp 1 math 1 networking 2 nix 1 performance 1 practices 1 privacy 4 programming 2 python 1 rant 2 release 3 rust 3 security 1 unix 1 vcs 1 video 1 visualization 2 web 1 zig
2026-08-11,25,1 art 1 browsers 1 c 1 css 2 design 1 devops 2 games 1 graphics 1 hardware 1 haskell 1 historical 1 lisp 4 math 1 mobile 1 networking 1 performance 1 practices 1 privacy 2 python 3 release 2 rust 2 security 1 show 1 unix 6 vibecoding 2 visualization 3 web
2026-08-11,25,1 ai 1 art 1 browsers 1 css 3 design 2 games 1 graphics 1 historical 1 java 1 lisp 2 math 1 mobile 1 networking 1 openbsd 3 performance 1 practices 1 privacy 1 programming 2 python 2 release 1 retrocomputing 2 rust 2 security 1 show 1 unix 5 vibecoding 1 visualization 2 web 1 windows
2026-08-12,25,2 ai 1 api 1 art 1 browsers 1 css 3 design 2 games 2 graphics 1 historical 1 java 1 lisp 2 math 1 mobile 1 networking 1 openbsd 2 performance 1 practices 1 privacy 2 programming 1 python 2 release 1 retrocomputing 1 rust 2 security 1 show 1 unix 5 vibecoding 1 video 1 visualization 2 web 1 windows
2026-08-12,25,1 ai 1 api 1 art 1 c++ 1 compilers 1 cryptography 1 design 3 games 2 graphics 1 historical 1 java 1 job 1 lisp 2 math 1 mobile 1 networking 2 performance 1 php 2 plt 1 practices 2 privacy 2 programming 1 python 1 release 1 retrocomputing 1 reversing 3 rust 1 security 1 show 6 vibecoding 1 video 1 visualization 1 web 1 windows
2026-08-12,25,1 ai 1 art 1 c++ 1 compilers 1 cryptography 2 design 1 games 1 graphics 1 historical 1 job 1 linux 1 lisp 2 math 1 mobile 1 networking 1 performance 1 philosophy 1 php 2 plt 2 practices 1 privacy 3 programming 2 release 1 reversing 3 rust 1 security 1 show 1 testing 5 vibecoding 2 visualization
2026-08-12,25,1 ai 1 c++ 1 clojure 1 compilers 1 cryptography 1 databases 2 design 1 devops 1 games 1 graphics 1 java 1 job 1 linux 1 performance 1 philosophy 2 plt 2 practices 1 privacy 4 programming 1 rant 1 release 4 rust 1 security 1 testing 6 vibecoding 1 visualization 1 web 1 zig
2026-08-13,25,1 ai 1 c++ 1 clojure 1 compilers 1 cryptography 1 databases 2 design 1 devops 1 games 1 graphics 1 hardware 1 java 2 linux 1 philosophy 1 plt 1 practices 1 privacy 4 programming 1 rant 1 release 4 rust 3 security 1 testing 1 vcs 4 vibecoding 1 visualization 1 web 1 zig
2026-08-13,25,1 apl 1 c++ 1 clojure 1 compilers 1 cryptography 2 databases 2 design 1 devops 1 games 1 graphics 1 hardware 1 historical 1 java 1 linux 2 philosophy 1 plt 1 practices 1 privacy 3 programming 1 python 1 rant 1 release 3 rust 2 security 1 testing 1 vcs 4 vibecoding 1 visualization 1 web 1 zig
2026-08-13,25,1 apl 1 clojure 1 cryptography 3 databases 1 design 2 devops 1 graphics 1 historical 1 java 1 linux 1 lisp 2 philosophy 1 plt 1 practices 1 privacy 2 programming 1 python 1 rant 2 release 1 retrocomputing 3 rust 1 security 1 testing 1 vcs 5 vibecoding 1 video 1 visualization 1 web 1 zig
2026-08-13,25,1 c 1 clojure 3 databases 1 design 1 devops 1 graphics 1 hardware 1 historical 1 linux 1 lisp 1 philosophy 2 practices 1 programming 1 python 1 rant 2 release 1 retrocomputing 3 rust 4 security 1 transcript 1 vcs 7 vibecoding 2 video 1 web 2 zig
2026-08-14,25,1 c 1 compsci 4 databases 1 design 1 devops 1 hardware 1 historical 1 linux 1 lisp 1 performance 1 philosophy 4 practices 1 programming 1 python 2 release 3 rust 3 security 1 transcript 1 vcs 5 vibecoding 3 video 1 web 1 zig
2026-08-14,25,1 c 2 compsci 4 databases 1 devops 1 historical 2 linux 1 math 2 performance 1 philosophy 4 practices 2 programming 1 python 2 release 1 ruby 3 rust 2 security 1 vcs 4 vibecoding 4 video 1 web 1 zig
2026-08-14,25,1 ask 1 browsers 1 c 2 compsci 1 databases 1 linux 2 performance 5 practices 3 programming 1 python 2 release 1 retrocomputing 1 ruby 2 rust 1 security 2 vcs 5 vibecoding 3 video 2 web 1 zig
2026-08-14,25,1 ask 1 assembly 1 browsers 1 c 1 compilers 2 compsci 1 design 1 distributed 1 email 2 linux 1 lisp 1 networking 2 performance 4 practices 3 programming 1 python 1 retrocomputing 1 ruby 2 rust 1 security 1 vcs 6 vibecoding 3 video 2 web 1 zig
2026-08-15,25,1 ask 2 assembly 1 browsers 1 c 1 compilers 1 compsci 1 design 1 distributed 1 email 1 formalmethods 1 games 1 linux 1 lisp 1 networking 1 performance 5 practices 1 privacy 2 programming 1 python 1 rant 1 retrocomputing 2 rust 1 security 1 vcs 7 vibecoding 3 web
2026-08-15,25,1 ask 2 assembly 2 browsers 1 c 1 compilers 1 compsci 1 design 1 distributed 1 email 2 formalmethods 1 games 1 linux 1 lisp 1 networking 1 performance 3 practices 1 privacy 2 programming 1 python 1 rant 1 retrocomputing 2 rust 1 security 1 vcs 6 vibecoding 3 web
2026-08-15,25,1 ask 2 assembly 2 browsers 1 c 1 compilers 1 design 1 distributed 1 email 2 formalmethods 2 games 1 haskell 1 linux 2 networking 1 nix 2 performance 1 plt 2 practices 3 programming 1 rant 1 retrocomputing 1 rust 1 security 2 vcs 5 vibecoding 2 web
2026-08-15,25,1 ai 2 assembly 1 browsers 1 c 1 compilers 1 design 2 distributed 1 email 1 formalmethods 3 games 1 haskell 1 linux 1 math 2 networking 1 nix 1 osdev 1 pdf 2 performance 1 plt 1 practices 2 programming 1 rant 1 retrocomputing 1 security 1 vcs 6 vibecoding 2 web
2026-08-16,25,1 ai 1 api 2 assembly 1 browsers 1 compilers 1 design 2 distributed 1 email 2 event 1 formalmethods 2 games 1 haskell 1 javascript 1 linux 1 math 2 networking 1 nix 1 pdf 1 performance 2 plt 1 practices 3 programming 1 rant 1 security 1 show 1 vcs 6 vibecoding 1 web 1 zig
2026-08-16,25,1 ai 1 api 2 assembly 1 browsers 1 compilers 1 design 2 distributed 1 email 2 event 2 games 1 go 1 haskell 1 javascript 1 math 1 networking 1 nix 1 pdf 1 performance 3 plt 1 practices 3 programming 1 python 1 rant 1 release 1 security 1 show 1 vcs 4 vibecoding 1 web 1 zig
2026-08-16,25,1 api 1 assembly 1 browsers 1 compilers 2 distributed 1 emacs 2 event 1 games 1 go 2 haskell 1 javascript 1 math 1 nix 1 pdf 1 performance 1 philosophy 3 plt 2 practices 3 programming 1 python 1 rant 1 release 1 security 1 show 1 systemd 2 vcs 4 vibecoding 1 video 1 web 1 zig
2026-08-16,25,1 a11y 1 api 1 browsers 1 c 1 culture 1 distributed 1 emacs 2 event 2 go 1 hardware 1 haskell 1 javascript 1 math 1 person 2 plt 1 practices 3 programming 1 python 1 release 1 retrocomputing 1 rust 1 satire 2 security 1 show 1 systemd 2 vcs 7 vibecoding 1 video 2 web 1 zig
2026-08-17,25,1 ai 1 api 2 assembly 1 c 1 compilers 1 culture 1 design 2 distributed 1 email 1 formalmethods 3 games 1 go 1 haskell 1 javascript 1 linux 1 math 2 networking 1 nix 1 osdev 1 pdf 1 performance 1 philosophy 4 plt 2 practices 3 programming 1 rant 1 release 1 show 1 vcs 4 vibecoding 1 web
2026-08-17,25,2 a11y 1 ai 1 api 2 assembly 1 browsers 2 c 1 c++ 2 culture 1 design 1 emacs 1 event 1 go 1 graphics 1 hardware 1 historical 1 math 2 performance 1 person 1 philosophy 2 programming 1 python 1 retrocomputing 1 rust 1 satire 1 security 1 systemd 1 unix 1 vcs 8 vibecoding 1 video 3 web 1 zig
2026-08-17,25,1 a11y 2 ai 1 api 1 ask 1 assembly 2 c 1 c++ 1 compilers 1 design 1 distributed 1 emacs 1 go 1 graphics 1 hardware 1 historical 1 linux 1 math 2 nix 1 performance 1 person 1 philosophy 1 plt 1 practices 1 privacy 4 programming 1 retrocomputing 1 ruby 2 rust 1 satire 1 security 2 unix 1 vcs 5 vibecoding 1 web
2026-08-17,25,1 api 2 ask 1 assembly 2 c 1 c++ 1 compilers 1 databases 1 go 1 historical 3 linux 1 math 1 nix 1 performance 1 philosophy 1 practices 3 programming 2 retrocomputing 1 reversing 1 ruby 3 rust 1 satire 1 security 1 unix 1 vcs 7 vibecoding 1 wasm 2 web
2026-08-18,25,1 ai 1 apl 1 art 2 ask 1 assembly 1 c 1 c++ 2 compilers 1 databases 1 games 2 historical 1 ios 3 linux 1 math 1 ml 1 nix 3 performance 1 practices 3 programming 1 retrocomputing 1 reversing 1 ruby 2 rust 1 satire 1 security 1 vcs 6 vibecoding 1 wasm 2 web
2026-08-18,25,1 ai 1 apl 1 art 2 ask 1 assembly 1 c 1 c++ 2 compilers 1 databases 1 finance 1 games 2 historical 1 ios 1 javascript 2 linux 1 math 1 ml 1 nix 3 performance 1 practices 3 programming 1 retrocomputing 1 reversing 1 ruby 1 rust 1 satire 1 security 1 vcs 6 vibecoding 2 web
2026-08-18,25,1 ai 2 art 1 ask 1 browsers 1 c 2 compilers 3 databases 1 distributed 1 elm 1 finance 1 games 1 graphics 1 hardware 1 haskell 1 historical 1 ios 1 javascript 1 linux 1 merkle-trees 1 mobile 1 networking 1 nix 2 pdf 1 performance 1 plt 1 privacy 2 programming 1 reversing 1 rust 1 security 1 show 1 vcs 5 vibecoding 1 web
2026-08-18,25,1 ai 2 art 2 ask 1 browsers 1 compilers 2 databases 1 editors 1 elm 1 finance 1 games 1 graphics 2 hardware 1 haskell 1 historical 1 ios 1 javascript 1 linux 1 mobile 1 networking 1 pdf 2 performance 2 plt 1 practices 1 privacy 1 programming 1 reversing 1 rust 1 security 1 vcs 3 vibecoding 1 web
2026-08-19,25,1 ai 2 art 2 ask 1 assembly 1 browsers 1 compilers 1 databases 1 design 1 devops 1 distributed 1 editors 1 elm 1 finance 1 games 1 graphics 2 hardware 1 historical 1 ios 1 javascript 1 mobile 1 networking 1 pdf 3 plt 2 practices 1 privacy 2 programming 1 python 1 reversing 2 rust 2 security 2 vcs 1 video 1 web
2026-08-19,25,1 art 1 ask 1 assembly 2 browsers 1 c 1 compilers 2 databases 1 design 1 devops 1 distributed 1 editors 1 elm 1 formalmethods 3 hardware 1 ios 2 mac 1 math 1 mobile 1 networking 4 plt 1 practices 1 privacy 1 programming 2 python 1 retrocomputing 1 rust 2 security 2 vcs 2 vibecoding 1 video 1 web
2026-08-19,25,1 ai 1 art 1 ask 1 assembly 2 browsers 1 c 1 compilers 2 databases 1 design 2 devops 1 distributed 1 editors 1 elm 1 go 2 hardware 1 ios 1 linux 1 mac 6 plt 2 practices 1 privacy 2 programming 1 python 1 release 1 retrocomputing 2 security 1 vcs 2 vibecoding 1 video 1 virtualization 2 web
2026-08-19,25,1 ask 1 assembly 1 browsers 1 compilers 4 databases 1 design 1 devops 1 distributed 1 editors 1 elm 1 erlang 1 finance 1 gleam 1 go 1 hardware 1 javascript 1 linux 1 mac 5 plt 3 practices 1 privacy 3 programming 1 release 1 security 1 show 1 vcs 2 vibecoding 1 video 1 virtualization 2 web
2026-08-20,25,1 ask 1 browsers 1 compilers 1 cryptography 3 databases 1 design 1 devops 1 distributed 1 editors 1 erlang 1 finance 1 games 1 gleam 2 go 2 hardware 1 javascript 2 mac 3 plt 2 practices 1 privacy 3 programming 2 release 1 rust 1 security 1 show 1 unix 1 video 1 virtualization 2 web
2026-08-20,25,1 ask 1 browsers 1 compilers 4 databases 1 design 1 distributed 1 dotnet 1 erlang 1 finance 1 gleam 3 go 1 hardware 1 javascript 1 linux 1 mac 3 plt 3 practices 1 privacy 2 programming 2 release 1 rust 1 security 1 show 1 unix 1 vcs 3 vibecoding 2 web
2026-08-20,25,1 ai 1 browsers 1 clojure 3 databases 1 design 2 distributed 1 dotnet 1 erlang 1 finance 1 gleam 1 go 1 graphics 1 hardware 1 javascript 1 mac 1 pdf 2 plt 1 privacy 3 programming 1 release 1 reversing 4 rust 1 scaling 2 security 1 show 1 unix 1 vcs 1 wasm 2 web 1 zig
2026-08-20,25,1 assembly 1 browsers 1 cryptography 1 databases 1 distributed 1 finance 2 go 1 hardware 1 haskell 2 javascript 1 linux 1 lisp 1 pdf 2 plt 2 practices 1 privacy 1 programming 2 release 1 reversing 4 rust 3 security 2 unix 1 vcs 5 vibecoding 1 wasm 2 web 1 zig
2026-08-21,25,1 assembly 1 browsers 1 c 2 cryptography 1 distributed 1 emacs 1 finance 1 games 2 go 1 haskell 1 javascript 1 linux 1 lisp 1 pdf 1 plt 1 practices 2 privacy 1 programming 3 release 1 retrocomputing 1 reversing 5 rust 3 security 2 unix 1 vcs 5 vibecoding 1 wasm 2 web 1 zig
2026-08-21,25,1 assembly 1 browsers 1 c 2 cryptography 1 emacs 1 finance 1 games 1 go 1 haskell 1 javascript 2 linux 1 lisp 1 osdev 3 plt 1 practices 3 privacy 1 programming 2 release 1 retrocomputing 1 reversing 5 rust 3 security 2 unix 3 vibecoding 1 wasm 2 web 1 zig
2026-08-21,25,1 ask 1 assembly 1 browsers 2 cryptography 1 databases 1 distributed 1 emacs 1 go 1 haskell 1 historical 1 java 1 javascript 2 linux 1 lisp 2 osdev 2 plt 3 privacy 2 programming 2 release 1 retrocomputing 5 rust 4 security 1 unix 5 vibecoding 1 wasm 2 web 1 zig
2026-08-21,25,1 ai 1 art 1 ask 1 assembly 1 browsers 2 cryptography 1 databases 2 distributed 1 go 1 historical 1 java 1 javascript 2 linux 1 math 2 osdev 1 philosophy 2 plt 2 privacy 3 programming 3 release 1 retrocomputing 6 rust 4 security 4 vibecoding 2 web 1 zig
2026-08-22,25,1 ai 1 art 1 ask 1 assembly 2 cryptography 1 databases 2 distributed 1 go 1 historical 1 java 1 javascript 2 linux 1 math 2 osdev 1 philosophy 2 plt 1 privacy 3 programming 4 release 2 retrocomputing 5 rust 4 security 3 vibecoding 2 web
2026-08-22,25,1 ai 1 art 1 ask 1 assembly 1 compilers 1 cryptography 1 databases 1 distributed 1 go 1 hardware 1 historical 1 java 1 javascript 1 linux 1 math 2 osdev 1 pdf 1 philosophy 3 plt 3 programming 3 release 2 retrocomputing 4 rust 1 satire 2 security 3 vibecoding 1 web
2026-08-22,25,1 ai 1 art 1 ask 1 compilers 1 distributed 1 email 1 gleam 1 go 2 hardware 1 historical 2 linux 1 math 2 osdev 2 plt 2 practices 2 programming 3 release 2 retrocomputing 3 rust 1 security 4 vibecoding 1 web
2026-08-22,25,1 ai 1 art 1 compilers 1 distributed 1 email 1 games 1 gleam 1 hardware 1 historical 4 linux 1 math 2 osdev 1 performance 2 plt 2 practices 1 programming 2 release 1 retrocomputing 4 rust 2 security 1 show 6 vibecoding
2026-08-23,25,1 ai 1 art 1 compilers 1 distributed 1 email 1 gleam 1 hardware 1 historical 4 linux 2 mac 1 math 1 netbsd 1 osdev 1 performance 2 plt 2 practices 1 programming 1 release 2 retrocomputing 3 rust 2 security 1 show 5 vibecoding
2026-08-23,25,1 ai 1 c++ 1 compilers 1 distributed 1 email 1 formalmethods 1 games 1 gleam 2 hardware 1 historical 4 linux 1 mac 1 math 1 netbsd 1 osdev 2 pdf 2 performance 1 plt 2 practices 1 python 2 retrocomputing 4 rust 2 security 1 show 5 vibecoding
2026-08-23,25,1 ai 1 ask 1 browsers 2 c++ 2 compilers 1 distributed 1 formalmethods 1 games 1 gleam 2 hardware 4 linux 1 lisp 1 mac 1 math 1 netbsd 2 pdf 3 performance 1 philosophy 2 practices 1 privacy 1 programming 1 python 1 retrocomputing 4 rust 1 security 1 show 5 vibecoding 1 web
2026-08-23,25,1 ask 1 browsers 1 c++ 1 compilers 1 debugging 1 distributed 1 editors 1 emacs 1 formalmethods 1 graphics 1 hardware 1 java 1 kotlin 2 linux 1 lisp 1 mac 1 netbsd 1 osdev 1 pdf 3 performance 1 philosophy 2 practices 1 privacy 2 programming 2 retrocomputing 1 reversing 3 rust 2 security 1 unix 6 vibecoding 1 vim 1 web
2026-08-24,25,1 a11y 1 ask 1 browsers 1 culture 1 debugging 2 design 1 devops 1 editors 1 emacs 2 graphics 3 hardware 1 java 1 kotlin 3 linux 1 netbsd 1 osdev 1 performance 1 philosophy 1 practices 1 privacy 2 programming 1 retrocomputing 1 reversing 3 rust 2 security 1 unix 5 vibecoding 1 vim 3 web
2026-08-24,25,1 a11y 1 ask 1 browsers 1 compilers 1 culture 1 debugging 2 design 1 devops 1 editors 1 emacs 2 graphics 3 hardware 1 java 1 kotlin 2 linux 1 netbsd 1 philosophy 1 practices 1 privacy 2 programming 2 retrocomputing 1 reversing 2 rust 3 security 1 unix 4 vibecoding 1 vim 3 web
2026-08-24,25,1 a11y 2 ask 1 browsers 1 compilers 1 culture 1 databases 1 debugging 1 design 1 devops 1 editors 2 emacs 2 graphics 2 hardware 1 java 1 javascript 1 kotlin 3 linux 1 philosophy 2 practices 1 privacy 3 programming 1 release 1 reversing 4 security 1 unix 4 vibecoding 1 vim 2 web
2026-08-24,25,2 a11y 1 ask 2 browsers 1 culture 1 databases 1 design 1 devops 2 emacs 1 formalmethods 3 graphics 2 hardware 1 haskell 1 linux 1 person 1 philosophy 1 plt 2 practices 1 privacy 2 programming 2 python 2 release 3 security 1 testing 4 vibecoding 2 web
2026-08-25,25,2 a11y 1 ask 1 browsers 1 culture 1 databases 1 design 1 devops 1 distributed 2 emacs 1 formalmethods 1 go 3 graphics 2 hardware 1 haskell 1 linux 1 networking 1 person 1 philosophy 1 plt 2 practices 1 privacy 1 programming 2 python 2 release 1 rust 2 security 1 show 1 testing 1 vcs 5 vibecoding 1 virtualization 1 web
2026-08-25,25,2 a11y 1 ask 1 browsers 1 concatenative 1 culture 1 databases 1 design 1 devops 1 distributed 1 emacs 1 formalmethods 1 go 2 graphics 2 hardware 1 haskell 1 linux 1 networking 1 person 1 philosophy 2 plt 2 practices 1 privacy 1 programming 2 python 2 release 1 rust 2 security 1 show 1 testing 1 vcs 6 vibecoding 1 virtualization 1 web
2026-08-25,25,1 a11y 1 art 1 ask 1 browsers 1 compilers 1 concatenative 1 culture 2 databases 1 devops 1 distributed 1 emacs 1 formalmethods 1 go 2 graphics 3 hardware 2 haskell 1 javascript 1 linux 1 networking 1 openbsd 1 pdf 1 person 2 plt 1 practices 1 programming 2 release 1 rust 1 testing 1 vcs 1 virtualization 1 wasm 2 web
2026-08-25,25,1 a11y 1 android 1 browsers 1 compilers 1 concatenative 1 cryptography 3 databases 1 emacs 1 go 2 graphics 2 hardware 1 haskell 1 javascript 2 linux 1 networking 2 openbsd 1 pdf 1 performance 1 person 2 plt 1 practices 2 python 2 release 2 rust 1 security 1 unix 3 vibecoding 1 wasm 2 web
2026-08-26,25,1 a11y 1 ai 1 android 1 browsers 1 compilers 1 compsci 1 cryptography 2 databases 1 gleam 1 go 1 graphics 2 hardware 2 javascript 4 linux 1 networking 2 openbsd 1 performance 1 person 2 practices 1 python 3 rust 1 security 1 show 1 testing 1 unix 1 vcs 4 vibecoding 1 wasm 2 web
2026-08-26,25,1 a11y 1 ai 1 android 1 browsers 2 compilers 1 compsci 1 cryptography 2 databases 1 gleam 1 go 1 graphics 2 hardware 2 javascript 1 kotlin 3 linux 1 networking 2 openbsd 1 pdf 2 performance 1 person 1 plt 2 practices 1 python 3 rust 1 security 1 show 1 testing 1 unix 1 vcs 3 vibecoding 1 wasm 2 web
2026-08-26,25,1 ai 1 android 1 browsers 1 compilers 1 cryptography 1 databases 1 gleam 2 go 1 graphics 2 hardware 1 haskell 1 historical 1 kotlin 2 linux 1 networking 2 openbsd 1 pdf 1 performance 1 person 1 plt 1 practices 3 programming 1 python 1 retrocomputing 1 rust 2 security 1 testing 1 unix 1 vcs 2 vibecoding 1 video 1 web
2026-08-26,25,2 android 1 compilers 1 cryptography 1 databases 1 go 4 hardware 1 haskell 1 historical 1 javascript 1 openbsd 2 osdev 1 pdf 1 performance 5 programming 1 python 1 release 1 retrocomputing 1 rust 4 security 1 unix 1 vcs 3 vibecoding 1 video 1 web
2026-08-27,25,1 ai 2 android 1 compilers 1 cryptography 1 databases 2 design 1 go 1 graphics 1 hardware 1 historical 1 linux 1 mac 2 osdev 1 pdf 1 performance 1 philosophy 4 programming 1 python 1 release 1 retrocomputing 1 reversing 2 rust 4 security 1 slides 1 vcs 3 vibecoding 2 video 1 web
2026-08-27,25,1 ai 1 android 1 apl 2 culture 1 databases 2 design 1 finance 2 graphics 1 hardware 1 haskell 1 historical 1 linux 1 mac 1 networking 1 osdev 2 performance 1 philosophy 3 programming 1 release 1 retrocomputing 1 reversing 1 rust 3 security 1 slides 1 unix 4 vibecoding 2 video 1 web
2026-08-28,25,1 c 3 culture 2 design 1 distributed 1 finance 1 games 1 graphics 1 hardware 1 historical 3 linux 1 lisp 1 mac 2 networking 2 performance 1 person 2 philosophy 1 plt 1 practices 1 privacy 1 programming 1 release 1 retrocomputing 2 reversing 2 rust 1 testing 2 unix 4 vibecoding 1 web
2026-08-28,25,1 ask 1 c 1 compilers 1 culture 1 distributed 1 games 1 graphics 1 hardware 1 historical 3 linux 2 lisp 1 math 1 ml 1 networking 3 performance 1 person 2 practices 1 privacy 2 programming 2 release 1 retrocomputing 1 reversing 3 rust 1 satire 2 security 1 unix 7 vibecoding 3 web 1 zig
2026-08-29,25,1 ask 1 c 1 compilers 1 culture 1 distributed 2 games 1 graphics 1 hardware 4 linux 2 lisp 1 math 1 ml 1 networking 3 performance 1 philosophy 3 practices 1 privacy 2 programming 1 release 1 retrocomputing 1 reversing 3 rust 1 satire 2 security 8 vibecoding 3 web 1 zig
2026-08-29,25,2 ask 1 c 1 culture 1 devops 1 distributed 2 hardware 6 linux 1 lisp 1 ml 1 networking 2 performance 1 person 1 philosophy 4 practices 1 privacy 4 programming 1 release 2 rust 1 satire 2 security 8 vibecoding 1 web
2026-08-29,25,1 ai 1 ask 1 c 1 clojure 1 compsci 1 devops 2 hardware 6 linux 2 lisp 1 ml 1 networking 1 osdev 1 performance 1 person 1 philosophy 3 practices 1 privacy 4 programming 2 release 1 rust 1 satire 2 security 9 vibecoding 1 web
2026-08-30,25,1 ask 1 c 1 clojure 1 compsci 1 devops 1 hardware 6 linux 2 lisp 1 ml 1 osdev 1 performance 1 person 2 philosophy 4 practices 1 privacy 4 programming 2 release 2 rust 1 security 9 vibecoding 1 web
2026-08-30,25,1 ask 1 clojure 1 compsci 1 devops 1 editors 1 hardware 1 law 4 linux 1 lisp 1 osdev 1 person 2 philosophy 4 practices 1 privacy 3 programming 2 release 3 rust 10 vibecoding 1 web
2026-08-30,25,1 clojure 1 compsci 1 devops 1 editors 1 hardware 1 law 4 linux 1 lisp 3 networking 1 nix 1 osdev 2 person 2 philosophy 3 practices 2 programming 2 release 3 rust 9 vibecoding
2026-08-30,25,1 clojure 1 devops 1 editors 1 go 1 hardware 1 law 3 linux 1 lisp 1 math 3 networking 1 nix 1 osdev 2 person 1 philosophy 1 plt 1 practices 1 programming 3 release 3 rust 1 security 1 show 9 vibecoding 1 web 1 zig
2026-08-31,25,2 compsci 1 devops 1 editors 1 law 2 linux 1 math 3 networking 1 nix 1 openbsd 1 osdev 2 person 2 practices 3 programming 1 python 2 release 1 ruby 3 rust 2 security 1 show 1 unix 1 video 1 zig
2026-08-31,25,1 assembly 1 browsers 1 compilers 1 databases 1 devops 1 editors 1 law 1 linux 1 networking 1 nix 1 openbsd 2 person 1 philosophy 2 programming 1 release 3 rust 5 security 1 show 1 unix 4 vibecoding 1 windows 1 zig
2026-08-31,25,1 ask 1 assembly 1 browsers 1 c++ 1 compilers 1 compsci 1 databases 1 design 1 haskell 1 lisp 1 networking 1 nix 1 openbsd 1 pdf 1 philosophy 3 programming 1 rant 1 retrocomputing 2 rust 5 security 1 unix 5 vibecoding 1 windows
2026-09-01,25,1 ask 1 browsers 1 c++ 1 compilers 1 compsci 1 css 1 databases 2 design 1 haskell 2 lisp 1 nix 1 openbsd 1 pdf 1 practices 3 programming 1 rant 1 release 1 retrocomputing 2 rust 1 satire 5 security 1 unix 5 vibecoding 1 web 1 windows
2026-09-01,25,1 browsers 1 compilers 1 compsci 2 css 1 databases 2 design 1 editors 2 haskell 1 historical 1 linux 2 lisp 1 mac 1 nix 1 openbsd 1 pdf 1 person 2 plt 1 practices 2 programming 1 rant 1 release 1 retrocomputing 2 rust 1 satire 2 security 1 transcript 1 unix 4 vibecoding 1 video 3 web
2026-09-01,25,1 browsers 2 css 1 databases 1 design 1 editors 2 haskell 1 linux 2 lisp 1 math 1 mobile 1 nix 1 performance 2 plt 1 practices 3 programming 2 rant 2 release 1 retrocomputing 1 rust 1 satire 1 security 6 vibecoding 1 wasm 4 web
2026-09-01,25,1 ai 1 book 1 browsers 2 css 1 design 1 distributed 1 editors 1 elixir 2 haskell 2 linux 2 lisp 1 math 1 mobile 1 nix 1 performance 2 plt 2 practices 1 programming 2 rant 3 release 1 rust 1 satire 1 security 1 show 6 vibecoding 1 wasm 4 web
2026-09-02,25,1 ai 1 assembly 1 book 1 compilers 1 compsci 1 css 1 design 1 distributed 1 editors 1 elixir 1 haskell 2 linux 1 lisp 1 math 1 mobile 1 performance 1 plt 2 practices 1 programming 1 rant 3 release 1 retrocomputing 2 rust 1 satire 2 security 1 show 5 vibecoding 1 visualization 1 wasm 3 web
2026-09-02,25,1 ai 1 assembly 1 book 1 compilers 1 compsci 1 css 1 culture 1 design 1 distributed 1 editors 1 elixir 1 games 1 hardware 1 haskell 2 linux 1 lisp 2 math 1 mobile 1 performance 1 plt 2 practices 1 programming 2 rant 3 release 1 retrocomputing 1 rust 1 science 1 show 7 vibecoding 1 visualization 1 wasm 3 web
2026-09-02,25,1 ask 1 browsers 1 c 1 compilers 1 compsci 1 css 2 culture 2 databases 1 editors 1 games 1 go 1 hardware 1 haskell 1 job 1 linux 2 math 1 mobile 1 performance 1 plt 1 programming 2 rant 2 release 1 retrocomputing 1 rust 6 vibecoding 1 video 1 visualization 1 wasm 2 web
2026-09-02,25,1 ask 1 c 1 compilers 1 compsci 1 css 3 culture 2 databases 1 editors 2 go 1 hardware 1 haskell 1 linux 1 math 1 nix 2 plt 1 programming 2 rant 1 release 1 retrocomputing 2 rust 5 vibecoding 1 video 1 visualization 2 web 1 zig
2026-09-03,25,1 ask 1 c 1 compilers 1 compsci 1 css 3 culture 1 databases 1 editors 1 games 2 go 1 hardware 1 haskell 1 linux 1 lisp 1 math 1 nix 3 plt 1 programming 1 release 1 retrocomputing 2 rust 1 security 1 show 3 vibecoding 1 video 1 visualization 2 web 1 zig
2026-09-03,25,1 ask 1 c 1 compilers 1 compsci 3 culture 1 emacs 1 games 3 go 1 hardware 2 linux 1 lisp 1 nix 2 plt 1 programming 2 release 1 reversing 2 rust 2 security 1 show 1 vcs 2 vibecoding 1 video 1 visualization 1 web 1 zig
2026-09-03,25,1 c 1 compilers 1 compsci 2 culture 1 emacs 1 go 2 linux 1 lisp 1 nix 2 plt 1 practices 2 programming 2 release 1 ruby 3 rust 2 security 1 show 1 vcs 4 web 2 zig
2026-09-03,25,1 ai 1 compilers 1 compsci 2 culture 1 emacs 2 go 2 linux 1 lisp 1 nix 1 philosophy 2 plt 2 programming 2 release 1 retrocomputing 2 rust 2 security 1 show 1 vcs 4 web 2 zig
2026-09-04,25,1 ask 1 browsers 1 culture 1 education 1 emacs 1 games 1 go 2 linux 1 lisp 1 plt 1 practices 1 programming 1 rant 2 release 2 retrocomputing 1 rust 2 security 2 show 1 vcs 1 vibecoding 5 web 2 zig
2026-09-04,25,2 ask 1 assembly 1 browsers 1 culture 2 education 1 emacs 1 games 1 haskell 2 linux 1 lisp 1 lua 1 plt 1 practices 3 programming 1 rant 2 release 1 retrocomputing 1 rust 1 security 1 show 1 vcs 2 vibecoding 1 vim 4 web 1 zig
2026-09-04,25,3 ask 1 assembly 1 browsers 1 clojure 1 culture 1 databases 2 education 1 games 1 go 1 haskell 2 linux 1 lisp 1 lua 1 performance 2 plt 1 practices 2 programming 2 release 1 retrocomputing 1 show 1 vcs 3 vibecoding 1 vim 3 web 1 zig
2026-09-04,25,2 ask 1 assembly 1 c++ 3 clojure 1 compilers 1 culture 1 databases 1 design 2 education 1 formalmethods 1 go 1 hardware 1 linux 2 lisp 1 lua 1 math 1 performance 2 plt 1 practices 2 programming 2 release 1 satire 1 vcs 5 vibecoding 1 vim 1 web 1 zig
2026-09-05,25,2 ask 1 assembly 1 c++ 3 clojure 1 compilers 1 design 2 education 1 formalmethods 1 go 2 hardware 1 linux 1 lisp 1 lua 1 math 1 performance 2 plt 1 practices 3 programming 1 release 1 rust 1 satire 5 vibecoding 1 vim 1 web 1 zig
2026-09-05,25,2 ask 1 assembly 1 c++ 3 clojure 1 compilers 1 design 2 education 1 formalmethods 1 go 2 hardware 1 lisp 1 math 1 performance 2 plt 1 practices 4 programming 1 release 1 rust 2 satire 7 vibecoding 1 web
2026-09-05,25,1 ask 1 assembly 1 c++ 2 clojure 1 compilers 1 education 1 formalmethods 1 gleam 2 hardware 1 java 1 job 1 linux 1 lisp 1 math 1 nix 2 performance 1 plt 1 practices 3 programming 2 rust 1 satire 1 security 1 show 1 unix 7 vibecoding 1 video 1 web 1 zig
